Section,id,req_id,status,class_def,method,module,filename_line,Bug,,
Section unknown,7.8.3,,Test Available,com.android.cts.verifier.audio.HifiUltrasoundSpeakerTestActivity,,None,Comment unknown,Bug unknown,/home/gpoor/cts-source/cts//apps/CtsVerifier/src/com/android/cts/verifier/audio/HifiUltrasoundSpeakerTestActivity.java,
Section unknown,7.8.2.2,H-2-1,Test Available,com.android.cts.verifier.audio.USBAudioPeripheralNotificationsTest,,None,Comment unknown,Bug unknown,/home/gpoor/cts-source/cts//apps/CtsVerifier/src/com/android/cts/verifier/audio/USBAudioPeripheralNotificationsTest.java,
Section unknown,7.8.2.2,H-3-1,Test Available,com.android.cts.verifier.audio.USBAudioPeripheralNotificationsTest,,None,Comment unknown,Bug unknown,/home/gpoor/cts-source/cts//apps/CtsVerifier/src/com/android/cts/verifier/audio/USBAudioPeripheralNotificationsTest.java,
Section unknown,7.8.2.2,H-4-2,Test Available,com.android.cts.verifier.audio.USBAudioPeripheralNotificationsTest,,None,Comment unknown,Bug unknown,/home/gpoor/cts-source/cts//apps/CtsVerifier/src/com/android/cts/verifier/audio/USBAudioPeripheralNotificationsTest.java,
Section unknown,7.8.2.2,H-4-3,Test Available,com.android.cts.verifier.audio.USBAudioPeripheralNotificationsTest,,None,Comment unknown,Bug unknown,/home/gpoor/cts-source/cts//apps/CtsVerifier/src/com/android/cts/verifier/audio/USBAudioPeripheralNotificationsTest.java,
Section unknown,7.8.2.2,H-4-4,Test Available,com.android.cts.verifier.audio.USBAudioPeripheralNotificationsTest,,None,Comment unknown,Bug unknown,/home/gpoor/cts-source/cts//apps/CtsVerifier/src/com/android/cts/verifier/audio/USBAudioPeripheralNotificationsTest.java,
Section unknown,7.8.2.2,H-4-5,Test Available,com.android.cts.verifier.audio.USBAudioPeripheralNotificationsTest,,None,Comment unknown,Bug unknown,/home/gpoor/cts-source/cts//apps/CtsVerifier/src/com/android/cts/verifier/audio/USBAudioPeripheralNotificationsTest.java,
Section unknown,3.16,C-1-2,Test Available,com.android.cts.verifier.companion.CompanionDeviceTestActivity,,None,Comment unknown,Bug unknown,/home/gpoor/cts-source/cts//apps/CtsVerifier/src/com/android/cts/verifier/companion/CompanionDeviceTestActivity.java,
Section unknown,3.16,C-1-3,Test Available,com.android.cts.verifier.companion.CompanionDeviceTestActivity,,None,Comment unknown,Bug unknown,/home/gpoor/cts-source/cts//apps/CtsVerifier/src/com/android/cts/verifier/companion/CompanionDeviceTestActivity.java,
Section unknown,3.16,H-1-1,Test Available,com.android.cts.verifier.companion.CompanionDeviceTestActivity,,None,Comment unknown,Bug unknown,/home/gpoor/cts-source/cts//apps/CtsVerifier/src/com/android/cts/verifier/companion/CompanionDeviceTestActivity.java,
Section unknown,7.3.8,C-1-1,Test Available,com.android.cts.verifier.sensors.BatchingTestActivity,testProximity_batching(),None,Comment unknown,Bug unknown,/home/gpoor/cts-source/cts//apps/CtsVerifier/src/com/android/cts/verifier/sensors/BatchingTestActivity.java,
Section unknown,7.3.8,C-1-2,Test Available,com.android.cts.verifier.sensors.BatchingTestActivity,testProximity_batching(),None,Comment unknown,Bug unknown,/home/gpoor/cts-source/cts//apps/CtsVerifier/src/com/android/cts/verifier/sensors/BatchingTestActivity.java,
Section unknown,7.3.8,C-1-1,Test Available,com.android.cts.verifier.sensors.BatchingTestActivity,testProximity_flush(),None,Comment unknown,Bug unknown,/home/gpoor/cts-source/cts//apps/CtsVerifier/src/com/android/cts/verifier/sensors/BatchingTestActivity.java,
Section unknown,7.3.8,C-1-2,Test Available,com.android.cts.verifier.sensors.BatchingTestActivity,testProximity_flush(),None,Comment unknown,Bug unknown,/home/gpoor/cts-source/cts//apps/CtsVerifier/src/com/android/cts/verifier/sensors/BatchingTestActivity.java,
Section unknown,9.5,A-1-1,Test Available,com.android.cts.verifier.multiuser.HeadlessSystemUserTestActivity,,None,Comment unknown,Bug unknown,/home/gpoor/cts-source/cts//apps/CtsVerifier/src/com/android/cts/verifier/multiuser/HeadlessSystemUserTestActivity.java,
Section unknown,3.8.2,C-1-2,Test Available,com.android.cts.verifier.widget.WidgetTestActivity,,None,Comment unknown,Bug unknown,/home/gpoor/cts-source/cts//apps/CtsVerifier/src/com/android/cts/verifier/widget/WidgetTestActivity.java,
Section unknown,3.8.2,C-1-3,Test Available,com.android.cts.verifier.widget.WidgetTestActivity,,None,Comment unknown,Bug unknown,/home/gpoor/cts-source/cts//apps/CtsVerifier/src/com/android/cts/verifier/widget/WidgetTestActivity.java,
Section unknown,8.5,C-0-1,Test Available,android.SustainedPerformance.cts.SustainedPerformanceHostTest,,None,Comment unknown,Bug unknown,/home/gpoor/cts-source/cts//hostsidetests/sustainedperf/src/android/SustainedPerformance/cts/SustainedPerformanceHostTest.java,
Section unknown,8.5,C-1-1,Test Available,android.SustainedPerformance.cts.SustainedPerformanceHostTest,,None,Comment unknown,Bug unknown,/home/gpoor/cts-source/cts//hostsidetests/sustainedperf/src/android/SustainedPerformance/cts/SustainedPerformanceHostTest.java,
Section unknown,8.5,C-1-2,Test Available,android.SustainedPerformance.cts.SustainedPerformanceHostTest,,None,Comment unknown,Bug unknown,/home/gpoor/cts-source/cts//hostsidetests/sustainedperf/src/android/SustainedPerformance/cts/SustainedPerformanceHostTest.java,
Section unknown,7.4.7,C-2-2,Test Available,com.android.cts.net.hostside.DataSaverModeTest,testBroadcastNotSentOnUnsupportedDevices(),None,Comment unknown,Bug unknown,/home/gpoor/cts-source/cts//hostsidetests/net/app/src/com/android/cts/net/hostside/DataSaverModeTest.java,
Section unknown,9.9.3,C-1-5,Test Available,android.security.cts.MetadataEncryptionTest,testMetadataEncryptionIsEnabled(),None,Comment unknown,Bug unknown,/home/gpoor/cts-source/cts//hostsidetests/security/src/android/security/cts/MetadataEncryptionTest.java,
Section unknown,9.7,,Test Available,android.security.cts.SELinuxHostTest,testGlobalEnforcing(),None,Comment unknown,Bug unknown,/home/gpoor/cts-source/cts//hostsidetests/security/src/android/security/cts/SELinuxHostTest.java,
Section unknown,9.7,,Test Available,android.security.cts.SELinuxHostTest,testAllDomainsEnforcing(),None,Comment unknown,Bug unknown,/home/gpoor/cts-source/cts//hostsidetests/security/src/android/security/cts/SELinuxHostTest.java,
Section unknown,9.7,,Test Available,android.security.cts.SELinuxHostTest,testMLSAttributes(),None,Comment unknown,Bug unknown,/home/gpoor/cts-source/cts//hostsidetests/security/src/android/security/cts/SELinuxHostTest.java,
Section unknown,9.7,,Test Available,android.security.cts.SELinuxHostTest,testValidSeappContexts(),None,Comment unknown,Bug unknown,/home/gpoor/cts-source/cts//hostsidetests/security/src/android/security/cts/SELinuxHostTest.java,
Section unknown,9.7,,Test Available,android.security.cts.SELinuxHostTest,testAospSeappContexts(),None,Comment unknown,Bug unknown,/home/gpoor/cts-source/cts//hostsidetests/security/src/android/security/cts/SELinuxHostTest.java,
Section unknown,9.7,,Test Available,android.security.cts.SELinuxHostTest,testAospFileContexts(),None,Comment unknown,Bug unknown,/home/gpoor/cts-source/cts//hostsidetests/security/src/android/security/cts/SELinuxHostTest.java,
Section unknown,9.7,,Test Available,android.security.cts.SELinuxHostTest,testAospPropertyContexts(),None,Comment unknown,Bug unknown,/home/gpoor/cts-source/cts//hostsidetests/security/src/android/security/cts/SELinuxHostTest.java,
Section unknown,9.7,,Test Available,android.security.cts.SELinuxHostTest,testAospServiceContexts(),None,Comment unknown,Bug unknown,/home/gpoor/cts-source/cts//hostsidetests/security/src/android/security/cts/SELinuxHostTest.java,
Section unknown,9.7,,Test Available,android.security.cts.SELinuxHostTest,testValidFileContexts(),None,Comment unknown,Bug unknown,/home/gpoor/cts-source/cts//hostsidetests/security/src/android/security/cts/SELinuxHostTest.java,
Section unknown,9.7,,Test Available,android.security.cts.SELinuxHostTest,testValidPropertyContexts(),None,Comment unknown,Bug unknown,/home/gpoor/cts-source/cts//hostsidetests/security/src/android/security/cts/SELinuxHostTest.java,
Section unknown,9.7,,Test Available,android.security.cts.SELinuxHostTest,testValidServiceContexts(),None,Comment unknown,Bug unknown,/home/gpoor/cts-source/cts//hostsidetests/security/src/android/security/cts/SELinuxHostTest.java,
Section unknown,9.7,,Test Available,android.security.cts.SELinuxHostTest,testNoBooleans(),None,Comment unknown,Bug unknown,/home/gpoor/cts-source/cts//hostsidetests/security/src/android/security/cts/SELinuxHostTest.java,
Section unknown,9.7,,Test Available,android.security.cts.SELinuxHostTest,testInitDomain(),None,Comment unknown,Bug unknown,/home/gpoor/cts-source/cts//hostsidetests/security/src/android/security/cts/SELinuxHostTest.java,
Section unknown,9.7,,Test Available,android.security.cts.SELinuxHostTest,testUeventdDomain(),None,Comment unknown,Bug unknown,/home/gpoor/cts-source/cts//hostsidetests/security/src/android/security/cts/SELinuxHostTest.java,
Section unknown,9.7,,Test Available,android.security.cts.SELinuxHostTest,testHealthdDomain(),None,Comment unknown,Bug unknown,/home/gpoor/cts-source/cts//hostsidetests/security/src/android/security/cts/SELinuxHostTest.java,
Section unknown,9.7,,Test Available,android.security.cts.SELinuxHostTest,testServicemanagerDomain(),None,Comment unknown,Bug unknown,/home/gpoor/cts-source/cts//hostsidetests/security/src/android/security/cts/SELinuxHostTest.java,
Section unknown,9.7,,Test Available,android.security.cts.SELinuxHostTest,testVoldDomain(),None,Comment unknown,Bug unknown,/home/gpoor/cts-source/cts//hostsidetests/security/src/android/security/cts/SELinuxHostTest.java,
Section unknown,9.7,,Test Available,android.security.cts.SELinuxHostTest,testNetdDomain(),None,Comment unknown,Bug unknown,/home/gpoor/cts-source/cts//hostsidetests/security/src/android/security/cts/SELinuxHostTest.java,
Section unknown,9.7,,Test Available,android.security.cts.SELinuxHostTest,testSurfaceflingerDomain(),None,Comment unknown,Bug unknown,/home/gpoor/cts-source/cts//hostsidetests/security/src/android/security/cts/SELinuxHostTest.java,
Section unknown,9.7,,Test Available,android.security.cts.SELinuxHostTest,testZygoteDomain(),None,Comment unknown,Bug unknown,/home/gpoor/cts-source/cts//hostsidetests/security/src/android/security/cts/SELinuxHostTest.java,
Section unknown,9.7,,Test Available,android.security.cts.SELinuxHostTest,testDrmServerDomain(),None,Comment unknown,Bug unknown,/home/gpoor/cts-source/cts//hostsidetests/security/src/android/security/cts/SELinuxHostTest.java,
Section unknown,9.7,,Test Available,android.security.cts.SELinuxHostTest,testInstalldDomain(),None,Comment unknown,Bug unknown,/home/gpoor/cts-source/cts//hostsidetests/security/src/android/security/cts/SELinuxHostTest.java,
Section unknown,9.7,,Test Available,android.security.cts.SELinuxHostTest,testKeystoreDomain(),None,Comment unknown,Bug unknown,/home/gpoor/cts-source/cts//hostsidetests/security/src/android/security/cts/SELinuxHostTest.java,
Section unknown,9.7,,Test Available,android.security.cts.SELinuxHostTest,testSystemServerDomain(),None,Comment unknown,Bug unknown,/home/gpoor/cts-source/cts//hostsidetests/security/src/android/security/cts/SELinuxHostTest.java,
Section unknown,9.7,,Test Available,android.security.cts.SELinuxHostTest,testWatchdogdDomain(),None,Comment unknown,Bug unknown,/home/gpoor/cts-source/cts//hostsidetests/security/src/android/security/cts/SELinuxHostTest.java,
Section unknown,9.7,,Test Available,android.security.cts.SELinuxHostTest,testLogdDomain(),None,Comment unknown,Bug unknown,/home/gpoor/cts-source/cts//hostsidetests/security/src/android/security/cts/SELinuxHostTest.java,
Section unknown,9.7,,Test Available,android.security.cts.SELinuxHostTest,testLmkdDomain(),None,Comment unknown,Bug unknown,/home/gpoor/cts-source/cts//hostsidetests/security/src/android/security/cts/SELinuxHostTest.java,
Section unknown,9.7,,Test Available,android.security.cts.SELinuxHostTest,testWpaDomain(),None,Comment unknown,Bug unknown,/home/gpoor/cts-source/cts//hostsidetests/security/src/android/security/cts/SELinuxHostTest.java,
Section unknown,9.7,,Test Available,android.security.cts.SELinuxHostTest,testPermissionControllerDomain(),None,Comment unknown,Bug unknown,/home/gpoor/cts-source/cts//hostsidetests/security/src/android/security/cts/SELinuxHostTest.java,
Section unknown,9.7,,Test Available,android.security.cts.SELinuxHostTest,testVzwOmaTriggerDomain(),None,Comment unknown,Bug unknown,/home/gpoor/cts-source/cts//hostsidetests/security/src/android/security/cts/SELinuxHostTest.java,
Section unknown,9.7,,Test Available,android.security.cts.SELinuxHostTest,testGMSCoreDomain(),None,Comment unknown,Bug unknown,/home/gpoor/cts-source/cts//hostsidetests/security/src/android/security/cts/SELinuxHostTest.java,
Section unknown,9.7,,Test Available,android.security.cts.SELinuxHostTest,testInitShellDomain(),None,Comment unknown,Bug unknown,/home/gpoor/cts-source/cts//hostsidetests/security/src/android/security/cts/SELinuxHostTest.java,
Section unknown,9.7,,Test Available,android.security.cts.SELinuxHostTest,testRecoveryDomain(),None,Comment unknown,Bug unknown,/home/gpoor/cts-source/cts//hostsidetests/security/src/android/security/cts/SELinuxHostTest.java,
Section unknown,9.7,,Test Available,android.security.cts.SELinuxHostTest,testSuDomain(),None,Comment unknown,Bug unknown,/home/gpoor/cts-source/cts//hostsidetests/security/src/android/security/cts/SELinuxHostTest.java,
Section unknown,9.7,,Test Available,android.security.cts.SELinuxHostTest,testKernelDomain(),None,Comment unknown,Bug unknown,/home/gpoor/cts-source/cts//hostsidetests/security/src/android/security/cts/SELinuxHostTest.java,
Section unknown,9.7,,Test Available,android.security.cts.PerfEventParanoidTest,testPerfEventRestricted(),None,Comment unknown,Bug unknown,/home/gpoor/cts-source/cts//hostsidetests/security/src/android/security/cts/PerfEventParanoidTest.java,
Section unknown,9.7,,Test Available,android.security.cts.KernelConfigTest,testConfigStackProtectorStrong(),None,Comment unknown,Bug unknown,/home/gpoor/cts-source/cts//hostsidetests/security/src/android/security/cts/KernelConfigTest.java,
Section unknown,9.7,,Test Available,android.security.cts.KernelConfigTest,testConfigROData(),None,Comment unknown,Bug unknown,/home/gpoor/cts-source/cts//hostsidetests/security/src/android/security/cts/KernelConfigTest.java,
Section unknown,9.7,,Test Available,android.security.cts.KernelConfigTest,testConfigHardenedUsercopy(),None,Comment unknown,Bug unknown,/home/gpoor/cts-source/cts//hostsidetests/security/src/android/security/cts/KernelConfigTest.java,
Section unknown,9.7,,Test Available,android.security.cts.KernelConfigTest,testConfigPAN(),None,Comment unknown,Bug unknown,/home/gpoor/cts-source/cts//hostsidetests/security/src/android/security/cts/KernelConfigTest.java,
Section unknown,9.7,,Test Available,android.security.cts.KernelConfigTest,testConfigHardwareMitigations(),None,Comment unknown,Bug unknown,/home/gpoor/cts-source/cts//hostsidetests/security/src/android/security/cts/KernelConfigTest.java,
Section unknown,9.7,,Test Available,android.security.cts.KernelConfigTest,testConfigDisableUsermodehelper(),None,Comment unknown,Bug unknown,/home/gpoor/cts-source/cts//hostsidetests/security/src/android/security/cts/KernelConfigTest.java,
Section unknown,9.10,,Test Available,android.security.cts.KernelConfigTest,testConfigFsVerity(),None,Comment unknown,Bug unknown,/home/gpoor/cts-source/cts//hostsidetests/security/src/android/security/cts/KernelConfigTest.java,
Section unknown,9.10,C-0-3,Test Available,android.appsecurity.cts.ApkVerityInstallTest,testInstallBase(),None,Comment unknown,Bug unknown,/home/gpoor/cts-source/cts//hostsidetests/appsecurity/src/android/appsecurity/cts/ApkVerityInstallTest.java,
Section unknown,9.10,C-0-3,Test Available,android.appsecurity.cts.ApkVerityInstallTest,testInstallBaseWithWrongSignature(),None,Comment unknown,Bug unknown,/home/gpoor/cts-source/cts//hostsidetests/appsecurity/src/android/appsecurity/cts/ApkVerityInstallTest.java,
Section unknown,9.10,C-0-3,Test Available,android.appsecurity.cts.ApkVerityInstallTest,testInstallBaseWithSplit(),None,Comment unknown,Bug unknown,/home/gpoor/cts-source/cts//hostsidetests/appsecurity/src/android/appsecurity/cts/ApkVerityInstallTest.java,
Section unknown,9.10,C-1-1,Test Available,android.appsecurity.cts.ApkVerityInstallTest,testInstallBaseWithSplit(),None,Comment unknown,Bug unknown,/home/gpoor/cts-source/cts//hostsidetests/appsecurity/src/android/appsecurity/cts/ApkVerityInstallTest.java,
Section unknown,9.10,C-0-3,Test Available,android.appsecurity.cts.ApkVerityInstallTest,testInstallBaseWithDm(),None,Comment unknown,Bug unknown,/home/gpoor/cts-source/cts//hostsidetests/appsecurity/src/android/appsecurity/cts/ApkVerityInstallTest.java,
Section unknown,9.10,C-1-1,Test Available,android.appsecurity.cts.ApkVerityInstallTest,testInstallBaseWithDm(),None,Comment unknown,Bug unknown,/home/gpoor/cts-source/cts//hostsidetests/appsecurity/src/android/appsecurity/cts/ApkVerityInstallTest.java,
Section unknown,9.10,C-0-3,Test Available,android.appsecurity.cts.ApkVerityInstallTest,testInstallEverything(),None,Comment unknown,Bug unknown,/home/gpoor/cts-source/cts//hostsidetests/appsecurity/src/android/appsecurity/cts/ApkVerityInstallTest.java,
Section unknown,9.10,C-1-1,Test Available,android.appsecurity.cts.ApkVerityInstallTest,testInstallEverything(),None,Comment unknown,Bug unknown,/home/gpoor/cts-source/cts//hostsidetests/appsecurity/src/android/appsecurity/cts/ApkVerityInstallTest.java,
Section unknown,9.10,C-0-3,Test Available,android.appsecurity.cts.ApkVerityInstallTest,testInstallSplitOnly(),None,Comment unknown,Bug unknown,/home/gpoor/cts-source/cts//hostsidetests/appsecurity/src/android/appsecurity/cts/ApkVerityInstallTest.java,
Section unknown,9.10,C-1-1,Test Available,android.appsecurity.cts.ApkVerityInstallTest,testInstallSplitOnly(),None,Comment unknown,Bug unknown,/home/gpoor/cts-source/cts//hostsidetests/appsecurity/src/android/appsecurity/cts/ApkVerityInstallTest.java,
Section unknown,9.10,C-0-3,Test Available,android.appsecurity.cts.ApkVerityInstallTest,testInstallSplitOnlyMissingSignature(),None,Comment unknown,Bug unknown,/home/gpoor/cts-source/cts//hostsidetests/appsecurity/src/android/appsecurity/cts/ApkVerityInstallTest.java,
Section unknown,9.10,C-1-1,Test Available,android.appsecurity.cts.ApkVerityInstallTest,testInstallSplitOnlyMissingSignature(),None,Comment unknown,Bug unknown,/home/gpoor/cts-source/cts//hostsidetests/appsecurity/src/android/appsecurity/cts/ApkVerityInstallTest.java,
Section unknown,9.10,C-0-3,Test Available,android.appsecurity.cts.ApkVerityInstallTest,testInstallSplitOnlyWithoutBaseSignature(),None,Comment unknown,Bug unknown,/home/gpoor/cts-source/cts//hostsidetests/appsecurity/src/android/appsecurity/cts/ApkVerityInstallTest.java,
Section unknown,9.10,C-1-1,Test Available,android.appsecurity.cts.ApkVerityInstallTest,testInstallSplitOnlyWithoutBaseSignature(),None,Comment unknown,Bug unknown,/home/gpoor/cts-source/cts//hostsidetests/appsecurity/src/android/appsecurity/cts/ApkVerityInstallTest.java,
Section unknown,9.10,C-0-3,Test Available,android.appsecurity.cts.ApkVerityInstallTest,testInstallOnlyBaseHasFsvSig(),None,Comment unknown,Bug unknown,/home/gpoor/cts-source/cts//hostsidetests/appsecurity/src/android/appsecurity/cts/ApkVerityInstallTest.java,
Section unknown,9.10,C-1-1,Test Available,android.appsecurity.cts.ApkVerityInstallTest,testInstallOnlyBaseHasFsvSig(),None,Comment unknown,Bug unknown,/home/gpoor/cts-source/cts//hostsidetests/appsecurity/src/android/appsecurity/cts/ApkVerityInstallTest.java,
Section unknown,9.10,C-0-3,Test Available,android.appsecurity.cts.ApkVerityInstallTest,testInstallOnlyDmHasFsvSig(),None,Comment unknown,Bug unknown,/home/gpoor/cts-source/cts//hostsidetests/appsecurity/src/android/appsecurity/cts/ApkVerityInstallTest.java,
Section unknown,9.10,C-1-1,Test Available,android.appsecurity.cts.ApkVerityInstallTest,testInstallOnlyDmHasFsvSig(),None,Comment unknown,Bug unknown,/home/gpoor/cts-source/cts//hostsidetests/appsecurity/src/android/appsecurity/cts/ApkVerityInstallTest.java,
Section unknown,9.10,C-0-3,Test Available,android.appsecurity.cts.ApkVerityInstallTest,testInstallOnlySplitHasFsvSig(),None,Comment unknown,Bug unknown,/home/gpoor/cts-source/cts//hostsidetests/appsecurity/src/android/appsecurity/cts/ApkVerityInstallTest.java,
Section unknown,9.10,C-1-1,Test Available,android.appsecurity.cts.ApkVerityInstallTest,testInstallOnlySplitHasFsvSig(),None,Comment unknown,Bug unknown,/home/gpoor/cts-source/cts//hostsidetests/appsecurity/src/android/appsecurity/cts/ApkVerityInstallTest.java,
Section unknown,9.10,C-0-3,Test Available,android.appsecurity.cts.ApkVerityInstallTest,testInstallBaseWithFsvSigThenSplitWithout(),None,Comment unknown,Bug unknown,/home/gpoor/cts-source/cts//hostsidetests/appsecurity/src/android/appsecurity/cts/ApkVerityInstallTest.java,
Section unknown,9.10,C-1-1,Test Available,android.appsecurity.cts.ApkVerityInstallTest,testInstallBaseWithFsvSigThenSplitWithout(),None,Comment unknown,Bug unknown,/home/gpoor/cts-source/cts//hostsidetests/appsecurity/src/android/appsecurity/cts/ApkVerityInstallTest.java,
Section unknown,6.1,C-1-1,Test Available,android.adbmanager.cts.AdbManagerHostDeviceTest,test_isadbWifiSupported(),None,Comment unknown,Bug unknown,/home/gpoor/cts-source/cts//hostsidetests/adbmanager/src/android/adbmanager/cts/AdbManagerHostDeviceTest.java,
Section unknown,6.1,C-1-2,Test Available,android.adbmanager.cts.AdbManagerHostDeviceTest,test_isadbWifiQrSupported(),None,Comment unknown,Bug unknown,/home/gpoor/cts-source/cts//hostsidetests/adbmanager/src/android/adbmanager/cts/AdbManagerHostDeviceTest.java,
Section unknown,4,C-1-1,Test Available,android.incrementalinstall.cts.IncrementalFeatureTest,testFeatureAvailable(),None,Comment unknown,Bug unknown,/home/gpoor/cts-source/cts//hostsidetests/incrementalinstall/src/android/incrementalinstall/cts/IncrementalFeatureTest.java,
Section unknown,4,C-1-1,Test Available,android.incrementalinstall.cts.IncrementalFeatureTest,testFeatureWorkingWithInstallation(),None,Comment unknown,Bug unknown,/home/gpoor/cts-source/cts//hostsidetests/incrementalinstall/src/android/incrementalinstall/cts/IncrementalFeatureTest.java,
Section unknown,4,C-3-1,Test Available,android.incrementalinstall.cts.IncrementalFeatureTest,testFeatureWorkingWithInstallation(),None,Comment unknown,Bug unknown,/home/gpoor/cts-source/cts//hostsidetests/incrementalinstall/src/android/incrementalinstall/cts/IncrementalFeatureTest.java,
Section unknown,9.5,A-1-2,Test Available,android.host.multiuser.SecondaryUsersTest,testSwitchToSecondaryUserBeforeBootComplete(),None,Comment unknown,Bug unknown,/home/gpoor/cts-source/cts//hostsidetests/multiuser/src/android/host/multiuser/SecondaryUsersTest.java,
Section unknown,9.5,A-1-3,Test Available,android.host.multiuser.CreateUsersPermissionTest,testCanCreateGuestUserWhenUserLimitReached(),None,Comment unknown,Bug unknown,/home/gpoor/cts-source/cts//hostsidetests/multiuser/src/android/host/multiuser/CreateUsersPermissionTest.java,
Section unknown,8.2,,Test Available,android.filesystem.cts.RandomRWTest,testRandomRead(),None,Comment unknown,Bug unknown,/home/gpoor/cts-source/cts//tests/filesystem/src/android/filesystem/cts/RandomRWTest.java,
Section unknown,8.2,,Test Available,android.filesystem.cts.RandomRWTest,testRandomUpdate(),None,Comment unknown,Bug unknown,/home/gpoor/cts-source/cts//tests/filesystem/src/android/filesystem/cts/RandomRWTest.java,
Section unknown,8.2,,Test Available,android.filesystem.cts.SequentialRWTest,testSingleSequentialWrite(),None,Comment unknown,Bug unknown,/home/gpoor/cts-source/cts//tests/filesystem/src/android/filesystem/cts/SequentialRWTest.java,
Section unknown,8.2,,Test Available,android.filesystem.cts.SequentialRWTest,testSingleSequentialRead(),None,Comment unknown,Bug unknown,/home/gpoor/cts-source/cts//tests/filesystem/src/android/filesystem/cts/SequentialRWTest.java,
Section unknown,7.5.4,C-1-1,Test Available,android.hardware.camera2.cts.LogicalCameraDeviceTest,testDefaultFov(),None,Comment unknown,Bug unknown,/home/gpoor/cts-source/cts//tests/camera/src/android/hardware/camera2/cts/LogicalCameraDeviceTest.java,
Section unknown,7.5.1,C-1-2,Test Available,android.hardware.camera2.cts.ExtendedCameraCharacteristicsTest,testAvailableStreamConfigs(),None,Comment unknown,Bug unknown,/home/gpoor/cts-source/cts//tests/camera/src/android/hardware/camera2/cts/ExtendedCameraCharacteristicsTest.java,
Section unknown,7.5.4,C-0-11,Test Available,android.hardware.camera2.cts.ExtendedCameraCharacteristicsTest,testLegacyCameraDeviceParity(),None,Comment unknown,Bug unknown,/home/gpoor/cts-source/cts//tests/camera/src/android/hardware/camera2/cts/ExtendedCameraCharacteristicsTest.java,
Section unknown,7.5.5,C-1-1,Test Available,android.hardware.camera2.cts.ExtendedCameraCharacteristicsTest,testCameraOrientationAlignedWithDevice(),None,Comment unknown,Bug unknown,/home/gpoor/cts-source/cts//tests/camera/src/android/hardware/camera2/cts/ExtendedCameraCharacteristicsTest.java,
Section unknown,7.5,,Test Available,android.hardware.camera2.cts.ExtendedCameraCharacteristicsTest,testCameraPerfClassCharacteristics(),None,Comment unknown,Bug unknown,/home/gpoor/cts-source/cts//tests/camera/src/android/hardware/camera2/cts/ExtendedCameraCharacteristicsTest.java,
Section unknown,7.9.2,C-1-1,Test Available,android.vr.cts.VrCpuTest,testHasAtLeastTwoCores(),None,Comment unknown,Bug unknown,/home/gpoor/cts-source/cts//tests/vr/src/android/vr/cts/VrCpuTest.java,
Section unknown,7.9.2,C-1-15,Test Available,android.vr.cts.VrDisplayTest,testRefreshRateIsAtLeast60Hz(),None,Comment unknown,Bug unknown,/home/gpoor/cts-source/cts//tests/vr/src/android/vr/cts/VrDisplayTest.java,
Section unknown,7.9.2,C-1-14,Test Available,android.vr.cts.VrDisplayTest,testDisplayResolution(),None,Comment unknown,Bug unknown,/home/gpoor/cts-source/cts//tests/vr/src/android/vr/cts/VrDisplayTest.java,
Section unknown,7.3.9,C-2-1,Test Available,android.hardware.cts.SensorSupportTest,testSupportsAccelerometer(),None,Comment unknown,Bug unknown,/home/gpoor/cts-source/cts//tests/sensor/src/android/hardware/cts/SensorSupportTest.java,
Section unknown,7.3.9,C-2-2,Test Available,android.hardware.cts.SensorSupportTest,testSupportsAccelerometerUncalibrated(),None,Comment unknown,Bug unknown,/home/gpoor/cts-source/cts//tests/sensor/src/android/hardware/cts/SensorSupportTest.java,
Section unknown,7.3.9,C-2-3,Test Available,android.hardware.cts.SensorSupportTest,testSupportsGyroscope(),None,Comment unknown,Bug unknown,/home/gpoor/cts-source/cts//tests/sensor/src/android/hardware/cts/SensorSupportTest.java,
Section unknown,7.3.9,C-2-4,Test Available,android.hardware.cts.SensorSupportTest,testSupportsGyroscopeUncalibrated(),None,Comment unknown,Bug unknown,/home/gpoor/cts-source/cts//tests/sensor/src/android/hardware/cts/SensorSupportTest.java,
Section unknown,7.3.9,C-2-5,Test Available,android.hardware.cts.SensorSupportTest,testSupportsGeoMagneticField(),None,Comment unknown,Bug unknown,/home/gpoor/cts-source/cts//tests/sensor/src/android/hardware/cts/SensorSupportTest.java,
Section unknown,7.3.9,C-2-6,Test Available,android.hardware.cts.SensorSupportTest,testSupportsMagneticFieldUncalibrated(),None,Comment unknown,Bug unknown,/home/gpoor/cts-source/cts//tests/sensor/src/android/hardware/cts/SensorSupportTest.java,
Section unknown,7.3.9,C-2-7,Test Available,android.hardware.cts.SensorSupportTest,testSupportsPressure(),None,Comment unknown,Bug unknown,/home/gpoor/cts-source/cts//tests/sensor/src/android/hardware/cts/SensorSupportTest.java,
Section unknown,7.3.9,C-2-8,Test Available,android.hardware.cts.SensorSupportTest,testSupportsGameRotationVector(),None,Comment unknown,Bug unknown,/home/gpoor/cts-source/cts//tests/sensor/src/android/hardware/cts/SensorSupportTest.java,
Section unknown,7.3.9,C-2-9,Test Available,android.hardware.cts.SensorSupportTest,testSupportsSignificantMotion(),None,Comment unknown,Bug unknown,/home/gpoor/cts-source/cts//tests/sensor/src/android/hardware/cts/SensorSupportTest.java,
Section unknown,7.3.9,C-2-10,Test Available,android.hardware.cts.SensorSupportTest,testSupportsStepDetector(),None,Comment unknown,Bug unknown,/home/gpoor/cts-source/cts//tests/sensor/src/android/hardware/cts/SensorSupportTest.java,
Section unknown,7.3.9,C-2-11,Test Available,android.hardware.cts.SensorSupportTest,testSupportsStepCounter(),None,Comment unknown,Bug unknown,/home/gpoor/cts-source/cts//tests/sensor/src/android/hardware/cts/SensorSupportTest.java,
Section unknown,7.3.9,C-2-12,Test Available,android.hardware.cts.SensorSupportTest,testSupportsTiltDetector(),None,Comment unknown,Bug unknown,/home/gpoor/cts-source/cts//tests/sensor/src/android/hardware/cts/SensorSupportTest.java,
Section unknown,7.3.1,C-3-1,Test Available,android.hardware.cts.SensorSupportTest,testSupportsGravityAndLinearAccelIfHasAG(),None,Comment unknown,Bug unknown,/home/gpoor/cts-source/cts//tests/sensor/src/android/hardware/cts/SensorSupportTest.java,
Section unknown,7.3.1,C-4-1,Test Available,android.hardware.cts.SensorSupportTest,testSupportsRotationVectorIfHasAGM(),None,Comment unknown,Bug unknown,/home/gpoor/cts-source/cts//tests/sensor/src/android/hardware/cts/SensorSupportTest.java,
Section unknown,3.2.3.5,C-2-5,Test Available,android.telecom.cts.CallRedirectionServiceTest,rememberPreviousCallRedirectionApp(),None,Comment unknown,Bug unknown,/home/gpoor/cts-source/cts//tests/tests/telecom/src/android/telecom/cts/CallRedirectionServiceTest.java,
Section unknown,3.2.3.5,C-2-4,Test Available,android.telecom.cts.CallRedirectionServiceTest,myUserHandle(),None,Comment unknown,Bug unknown,/home/gpoor/cts-source/cts//tests/tests/telecom/src/android/telecom/cts/CallRedirectionServiceTest.java,
Section unknown,7.4.1.2,C-1-3,Test Available,android.telecom.cts.BasicInCallServiceTest,testResolveInCallIntent(),None,Comment unknown,Bug unknown,/home/gpoor/cts-source/cts//tests/tests/telecom/src/android/telecom/cts/BasicInCallServiceTest.java,
Section unknown,3.5,C-0-6,Test Available,android.app.cts.backgroundrestrictions.BroadcastsTest,testNonSupportedBroadcastsNotDelivered_runtimeReceiver(),None,Comment unknown,Bug unknown,/home/gpoor/cts-source/cts//tests/tests/background/src/android/app/cts/backgroundrestrictions/BroadcastsTest.java,
Section unknown,3.5,C-0-6,Test Available,android.app.cts.backgroundrestrictions.BroadcastsTest,testNonSupportedBroadcastsNotDelivered_manifestReceiver(),None,Comment unknown,Bug unknown,/home/gpoor/cts-source/cts//tests/tests/background/src/android/app/cts/backgroundrestrictions/BroadcastsTest.java,
Section unknown,5.4.1,C-1-4,Test Available,android.media.cts.MediaRecorderTest,testGetActiveMicrophones(),None,Comment unknown,Bug unknown,/home/gpoor/cts-source/cts//tests/tests/media/src/android/media/cts/MediaRecorderTest.java,
Section unknown,5.4.1,C-1-4,Test Available,android.media.cts.AudioRecordTest,testGetActiveMicrophones(),None,Comment unknown,Bug unknown,/home/gpoor/cts-source/cts//tests/tests/media/src/android/media/cts/AudioRecordTest.java,
Section unknown,5.4.1,C-1-1,Test Available,android.media.cts.AudioRecord_BufferSizeTest,testGetMinBufferSize(),None,Comment unknown,Bug unknown,/home/gpoor/cts-source/cts//tests/tests/media/src/android/media/cts/AudioRecord_BufferSizeTest.java,
Section unknown,5.4.1,C-1-4,Test Available,android.media.cts.AudioManagerTest,testGetMicrophones(),None,Comment unknown,Bug unknown,/home/gpoor/cts-source/cts//tests/tests/media/src/android/media/cts/AudioManagerTest.java,
Section unknown,5.1.3,,Test Available,android.media.cts.DecoderTest,testDecodeG711ChannelsAndRates(),None,Comment unknown,Bug unknown,/home/gpoor/cts-source/cts//tests/tests/media/src/android/media/cts/DecoderTest.java,
Section unknown,5.1.3,,Test Available,android.media.cts.DecoderTest,testDecodeOpusChannelsAndRates(),None,Comment unknown,Bug unknown,/home/gpoor/cts-source/cts//tests/tests/media/src/android/media/cts/DecoderTest.java,
Section unknown,5.1.4,C-1-1,Test Available,android.media.cts.HeifWriterTest,testHeicFallbackAvailable(),None,Comment unknown,Bug unknown,/home/gpoor/cts-source/cts//tests/tests/media/src/android/media/cts/HeifWriterTest.java,
Section unknown,5.10,C-1-6,Test Available,android.media.cts.AudioHelper,,None,Comment unknown,Bug unknown,/home/gpoor/cts-source/cts//tests/tests/media/src/android/media/cts/AudioHelper.java,
Section unknown,5.10,C-1-7,Test Available,android.media.cts.AudioHelper,,None,Comment unknown,Bug unknown,/home/gpoor/cts-source/cts//tests/tests/media/src/android/media/cts/AudioHelper.java,
Section unknown,7.4.3,A-0-2,Test Available,android.car.cts.CarBluetoothTest,testRequiredBluetoothProfilesExist(),None,Comment unknown,Bug unknown,/home/gpoor/cts-source/cts//tests/tests/car/src/android/car/cts/CarBluetoothTest.java,
Section unknown,2.5.1,,Test Available,android.car.cts.CarSensorManagerTest,testRequiredSensorsForDrivingState(),None,Comment unknown,Bug unknown,/home/gpoor/cts-source/cts//tests/tests/car/src/android/car/cts/CarSensorManagerTest.java,
Section unknown,2.5.1,,Test Available,android.car.cts.CarSensorManagerTest,testMustSupportNightSensor(),None,Comment unknown,Bug unknown,/home/gpoor/cts-source/cts//tests/tests/car/src/android/car/cts/CarSensorManagerTest.java,
Section unknown,2.5.1,,Test Available,android.car.cts.CarSensorManagerTest,testMustSupportParkingBrake(),None,Comment unknown,Bug unknown,/home/gpoor/cts-source/cts//tests/tests/car/src/android/car/cts/CarSensorManagerTest.java,
Section unknown,2.5.1,,Test Available,android.car.cts.CarPropertyManagerTest,testMustSupportGearSelection(),None,Comment unknown,Bug unknown,/home/gpoor/cts-source/cts//tests/tests/car/src/android/car/cts/CarPropertyManagerTest.java,
Section unknown,2.5.1,,Test Available,android.car.cts.CarPropertyManagerTest,testMustSupportNightMode(),None,Comment unknown,Bug unknown,/home/gpoor/cts-source/cts//tests/tests/car/src/android/car/cts/CarPropertyManagerTest.java,
Section unknown,2.5.1,,Test Available,android.car.cts.CarPropertyManagerTest,testMustSupportPerfVehicleSpeed(),None,Comment unknown,Bug unknown,/home/gpoor/cts-source/cts//tests/tests/car/src/android/car/cts/CarPropertyManagerTest.java,
Section unknown,2.5.1,,Test Available,android.car.cts.CarPropertyManagerTest,testMustSupportParkingBrakeOn(),None,Comment unknown,Bug unknown,/home/gpoor/cts-source/cts//tests/tests/car/src/android/car/cts/CarPropertyManagerTest.java,
Section unknown,9.9.2,C-0-1,Test Available,android.security.cts.EncryptionTest,testEncryption(),None,Comment unknown,Bug unknown,/home/gpoor/cts-source/cts//tests/tests/security/src/android/security/cts/EncryptionTest.java,
Section unknown,9.9.2,C-0-2,Test Available,android.security.cts.EncryptionTest,testEncryption(),None,Comment unknown,Bug unknown,/home/gpoor/cts-source/cts//tests/tests/security/src/android/security/cts/EncryptionTest.java,
Section unknown,9.9.2,C-0-3,Test Available,android.security.cts.EncryptionTest,testEncryption(),None,Comment unknown,Bug unknown,/home/gpoor/cts-source/cts//tests/tests/security/src/android/security/cts/EncryptionTest.java,
Section unknown,9.10,C-0-3,Test Available,android.security.cts.FileIntegrityManagerTest,testSupportedOnDevicesFirstLaunchedWithR(),None,Comment unknown,Bug unknown,/home/gpoor/cts-source/cts//tests/tests/security/src/android/security/cts/FileIntegrityManagerTest.java,
Section unknown,9.10,C-1-1,Test Available,android.security.cts.FileIntegrityManagerTest,testSupportedOnDevicesFirstLaunchedWithR(),None,Comment unknown,Bug unknown,/home/gpoor/cts-source/cts//tests/tests/security/src/android/security/cts/FileIntegrityManagerTest.java,
Section unknown,9.10,C-0-3,Test Available,android.security.cts.FileIntegrityManagerTest,testCtsReleaseCertificateTrusted(),None,Comment unknown,Bug unknown,/home/gpoor/cts-source/cts//tests/tests/security/src/android/security/cts/FileIntegrityManagerTest.java,
Section unknown,9.10,C-1-1,Test Available,android.security.cts.FileIntegrityManagerTest,testCtsReleaseCertificateTrusted(),None,Comment unknown,Bug unknown,/home/gpoor/cts-source/cts//tests/tests/security/src/android/security/cts/FileIntegrityManagerTest.java,
Section unknown,9.10,C-0-3,Test Available,android.security.cts.FileIntegrityManagerTest,testPlatformDebugCertificateNotTrusted(),None,Comment unknown,Bug unknown,/home/gpoor/cts-source/cts//tests/tests/security/src/android/security/cts/FileIntegrityManagerTest.java,
Section unknown,9.10,C-1-1,Test Available,android.security.cts.FileIntegrityManagerTest,testPlatformDebugCertificateNotTrusted(),None,Comment unknown,Bug unknown,/home/gpoor/cts-source/cts//tests/tests/security/src/android/security/cts/FileIntegrityManagerTest.java,
Section unknown,3.18,C-1-5,Test Available,android.provider.cts.contacts.ContactsContract_RawContactsTest,testRawContactDelete_localDeleteRemovesRecord(),None,Comment unknown,Bug unknown,/home/gpoor/cts-source/cts//tests/tests/contactsprovider/src/android/provider/cts/contacts/ContactsContract_RawContactsTest.java,
Section unknown,3.18,C-1-1,Test Available,android.provider.cts.contacts.ContactsContract_RawContactsTest,testRawContactCreate_noAccountUsesLocalAccount(),None,Comment unknown,Bug unknown,/home/gpoor/cts-source/cts//tests/tests/contactsprovider/src/android/provider/cts/contacts/ContactsContract_RawContactsTest.java,
Section unknown,3.18,C-1-2,Test Available,android.provider.cts.contacts.ContactsContract_RawContactsTest,testRawContactCreate_noAccountUsesLocalAccount(),None,Comment unknown,Bug unknown,/home/gpoor/cts-source/cts//tests/tests/contactsprovider/src/android/provider/cts/contacts/ContactsContract_RawContactsTest.java,
Section unknown,3.18,C-1-3,Test Available,android.provider.cts.contacts.ContactsContract_RawContactsTest,testRawContactCreate_noAccountUsesLocalAccount(),None,Comment unknown,Bug unknown,/home/gpoor/cts-source/cts//tests/tests/contactsprovider/src/android/provider/cts/contacts/ContactsContract_RawContactsTest.java,
Section unknown,3.18,C-1-1,Test Available,android.provider.cts.contacts.ContactsContract_RawContactsTest,testRawContactCreate_nullAccountUsesLocalAccount(),None,Comment unknown,Bug unknown,/home/gpoor/cts-source/cts//tests/tests/contactsprovider/src/android/provider/cts/contacts/ContactsContract_RawContactsTest.java,
Section unknown,3.18,C-1-2,Test Available,android.provider.cts.contacts.ContactsContract_RawContactsTest,testRawContactCreate_nullAccountUsesLocalAccount(),None,Comment unknown,Bug unknown,/home/gpoor/cts-source/cts//tests/tests/contactsprovider/src/android/provider/cts/contacts/ContactsContract_RawContactsTest.java,
Section unknown,3.18,C-1-3,Test Available,android.provider.cts.contacts.ContactsContract_RawContactsTest,testRawContactCreate_nullAccountUsesLocalAccount(),None,Comment unknown,Bug unknown,/home/gpoor/cts-source/cts//tests/tests/contactsprovider/src/android/provider/cts/contacts/ContactsContract_RawContactsTest.java,
Section unknown,3.18,C-1-4,Test Available,android.provider.cts.contacts.ContactsProvider2_AccountRemovalTest,testAccountRemoval_doesNotDeleteLocalAccountContacts(),None,Comment unknown,Bug unknown,/home/gpoor/cts-source/cts//tests/tests/contactsprovider/src/android/provider/cts/contacts/ContactsProvider2_AccountRemovalTest.java,
Section unknown,7.4.2.6,C-1-1,Test Available,android.content.cts.AvailableIntentsTest,testEasyConnectIntent(),None,Comment unknown,Bug unknown,/home/gpoor/cts-source/cts//tests/tests/content/src/android/content/cts/AvailableIntentsTest.java,
Section unknown,2.5.1,,Test Available,android.dpi.cts.ConfigurationTest,testAutomotiveMinimumScreenSize(),None,Comment unknown,Bug unknown,/home/gpoor/cts-source/cts//tests/tests/dpi/src/android/dpi/cts/ConfigurationTest.java,
Section unknown,7.6.1,,Test Available,android.hardware.cts.LowRamDeviceTest,testMinimumMemory(),None,Comment unknown,Bug unknown,/home/gpoor/cts-source/cts//tests/tests/hardware/src/android/hardware/cts/LowRamDeviceTest.java,
Section unknown,7.6.2,,Test Available,android.hardware.cts.LowRamDeviceTest,testMinSharedDataPartitionSize(),None,Comment unknown,Bug unknown,/home/gpoor/cts-source/cts//tests/tests/hardware/src/android/hardware/cts/LowRamDeviceTest.java,
Section unknown,7.6.1,H-9-2,Test Available,android.hardware.cts.LowRamDeviceTest,testMinDataPartitionSize(),None,Comment unknown,Bug unknown,/home/gpoor/cts-source/cts//tests/tests/hardware/src/android/hardware/cts/LowRamDeviceTest.java,
Section unknown,7.6.1,7.6.1,Test Available,android.hardware.cts.LowRamDeviceTest,testMinDataPartitionSize(),None,Comment unknown,Bug unknown,/home/gpoor/cts-source/cts//tests/tests/hardware/src/android/hardware/cts/LowRamDeviceTest.java,
Section unknown,3.8.2,C-2-2,Test Available,android.appwidget.cts.RequestPinAppWidgetTest,,None,Comment unknown,Bug unknown,/home/gpoor/cts-source/cts//tests/tests/appwidget/src/android/appwidget/cts/RequestPinAppWidgetTest.java,
Section unknown,3.8.2,C-2-1,Test Available,android.appwidget.cts.RequestPinAppWidgetTest,,None,Comment unknown,Bug unknown,/home/gpoor/cts-source/cts//tests/tests/appwidget/src/android/appwidget/cts/RequestPinAppWidgetTest.java,
Section unknown,3.8.1,C-2-3,Test Available,android.content.pm.cts.shortcutmanager.ShortcutManagerStartShortcutTest,,None,Comment unknown,Bug unknown,/home/gpoor/cts-source/cts//tests/tests/shortcutmanager/src/android/content/pm/cts/shortcutmanager/ShortcutManagerStartShortcutTest.java,
Section unknown,3.8.1,C-4-1,Test Available,android.content.pm.cts.shortcutmanager.ShortcutManagerClientApiTest,,None,Comment unknown,Bug unknown,/home/gpoor/cts-source/cts//tests/tests/shortcutmanager/src/android/content/pm/cts/shortcutmanager/ShortcutManagerClientApiTest.java,
Section unknown,3.8.1,C-4-1,Test Available,android.content.pm.cts.shortcutmanager.ShortcutManagerNegativeTest,,None,Comment unknown,Bug unknown,/home/gpoor/cts-source/cts//tests/tests/shortcutmanager/src/android/content/pm/cts/shortcutmanager/ShortcutManagerNegativeTest.java,
Section unknown,3.8.1,C-4-1,Test Available,android.content.pm.cts.shortcutmanager.ShortcutManagerUsageTest,,None,Comment unknown,Bug unknown,/home/gpoor/cts-source/cts//tests/tests/shortcutmanager/src/android/content/pm/cts/shortcutmanager/ShortcutManagerUsageTest.java,
Section unknown,3.8.1,C-4-1,Test Available,android.content.pm.cts.shortcutmanager.ShortcutManagerMaxCountTest,,None,Comment unknown,Bug unknown,/home/gpoor/cts-source/cts//tests/tests/shortcutmanager/src/android/content/pm/cts/shortcutmanager/ShortcutManagerMaxCountTest.java,
Section unknown,3.8.1,C-1-2,Test Available,android.content.pm.cts.shortcutmanager.ShortcutManagerLauncherApiTest,testGetShortcutIconAdaptive(),None,Comment unknown,Bug unknown,/home/gpoor/cts-source/cts//tests/tests/shortcutmanager/src/android/content/pm/cts/shortcutmanager/ShortcutManagerLauncherApiTest.java,
Section unknown,3.8.1,C-2-3,Test Available,android.content.pm.cts.shortcutmanager.ShortcutManagerMultiLauncherTest,,None,Comment unknown,Bug unknown,/home/gpoor/cts-source/cts//tests/tests/shortcutmanager/src/android/content/pm/cts/shortcutmanager/ShortcutManagerMultiLauncherTest.java,
Section unknown,3.8.1,C-4-1,Test Available,android.content.pm.cts.shortcutmanager.ShortcutManagerMiscTest,,None,Comment unknown,Bug unknown,/home/gpoor/cts-source/cts//tests/tests/shortcutmanager/src/android/content/pm/cts/shortcutmanager/ShortcutManagerMiscTest.java,
Section unknown,3.8.1,C-4-1,Test Available,android.content.pm.cts.shortcutmanager.ShortcutManagerThrottlingTest,,None,Comment unknown,Bug unknown,/home/gpoor/cts-source/cts//tests/tests/shortcutmanager/src/android/content/pm/cts/shortcutmanager/ShortcutManagerThrottlingTest.java,
Section unknown,3.8.1,C-4-1,Test Available,android.content.pm.cts.shortcutmanager.ShortcutManagerRequestPinTest,,None,Comment unknown,Bug unknown,/home/gpoor/cts-source/cts//tests/tests/shortcutmanager/src/android/content/pm/cts/shortcutmanager/ShortcutManagerRequestPinTest.java,
Section unknown,3.8.1,C-2-1,Test Available,android.content.pm.cts.shortcutmanager.ShortcutManagerRequestPinTest,testIsRequestPinShortcutSupported(),None,Comment unknown,Bug unknown,/home/gpoor/cts-source/cts//tests/tests/shortcutmanager/src/android/content/pm/cts/shortcutmanager/ShortcutManagerRequestPinTest.java,
Section unknown,3.8.1,3.8.1,Test Available,android.content.pm.cts.shortcutmanager.ShortcutManagerRequestPinTest,testIsRequestPinShortcutSupported(),None,Comment unknown,Bug unknown,/home/gpoor/cts-source/cts//tests/tests/shortcutmanager/src/android/content/pm/cts/shortcutmanager/ShortcutManagerRequestPinTest.java,
Section unknown,3.8.1,C-2-3,Test Available,android.content.pm.cts.shortcutmanager.ShortcutManagerLauncherCallbackTest,,None,Comment unknown,Bug unknown,/home/gpoor/cts-source/cts//tests/tests/shortcutmanager/src/android/content/pm/cts/shortcutmanager/ShortcutManagerLauncherCallbackTest.java,
Section unknown,7.1.4.2,C-1-8,Test Available,android.graphics.cts.VulkanDeqpLevelTest,testVulkanDeqpLevel(),None,Comment unknown,Bug unknown,/home/gpoor/cts-source/cts//tests/tests/graphics/src/android/graphics/cts/VulkanDeqpLevelTest.java,
Section unknown,7.1.4.2,C-1-9,Test Available,android.graphics.cts.VulkanDeqpLevelTest,testVulkanDeqpLevel(),None,Comment unknown,Bug unknown,/home/gpoor/cts-source/cts//tests/tests/graphics/src/android/graphics/cts/VulkanDeqpLevelTest.java,
Section unknown,5.1.5,C-0-6,Test Available,android.graphics.cts.BitmapFactoryTest,,None,Comment unknown,Bug unknown,/home/gpoor/cts-source/cts//tests/tests/graphics/src/android/graphics/cts/BitmapFactoryTest.java,
Section unknown,3.8.13,C-1-2,Test Available,android.graphics.cts.PaintTest,testHasGlyph(),None,Comment unknown,Bug unknown,/home/gpoor/cts-source/cts//tests/tests/graphics/src/android/graphics/cts/PaintTest.java,
Section unknown,7.1.4.2,C-1-1,Test Available,android.graphics.cts.VulkanFeaturesTest,testVulkanHardwareFeatures(),None,Comment unknown,Bug unknown,/home/gpoor/cts-source/cts//tests/tests/graphics/src/android/graphics/cts/VulkanFeaturesTest.java,
Section unknown,7.1.4.2,C-2-1,Test Available,android.graphics.cts.VulkanFeaturesTest,testVulkanHardwareFeatures(),None,Comment unknown,Bug unknown,/home/gpoor/cts-source/cts//tests/tests/graphics/src/android/graphics/cts/VulkanFeaturesTest.java,
Section unknown,7.1.4.2,C-3-1,Test Available,android.graphics.cts.VulkanFeaturesTest,testVulkan1_1Requirements(),None,Comment unknown,Bug unknown,/home/gpoor/cts-source/cts//tests/tests/graphics/src/android/graphics/cts/VulkanFeaturesTest.java,
Section unknown,7.9.2,C-1-5,Test Available,android.graphics.cts.VulkanFeaturesTest,testVulkanVersionForVrHighPerformance(),None,Comment unknown,Bug unknown,/home/gpoor/cts-source/cts//tests/tests/graphics/src/android/graphics/cts/VulkanFeaturesTest.java,
Section unknown,7.1.4.1,C-0-1,Test Available,android.opengl.cts.OpenGlEsVersionTest,testOpenGlEsVersion(),None,Comment unknown,Bug unknown,/home/gpoor/cts-source/cts//tests/tests/opengl/src/android/opengl/cts/OpenGlEsVersionTest.java,
Section unknown,7.1.4.1,C-2-2,Test Available,android.opengl.cts.OpenGlEsVersionTest,testRequiredExtensions(),None,Comment unknown,Bug unknown,/home/gpoor/cts-source/cts//tests/tests/opengl/src/android/opengl/cts/OpenGlEsVersionTest.java,
Section unknown,7.1.4.1,C-2-1,Test Available,android.opengl.cts.OpenGlEsVersionTest,testExtensionPack(),None,Comment unknown,Bug unknown,/home/gpoor/cts-source/cts//tests/tests/opengl/src/android/opengl/cts/OpenGlEsVersionTest.java,
Section unknown,7.1.4.1,C-5-1,Test Available,android.opengl.cts.OpenGlEsVersionTest,testExtensionPack(),None,Comment unknown,Bug unknown,/home/gpoor/cts-source/cts//tests/tests/opengl/src/android/opengl/cts/OpenGlEsVersionTest.java,
Section unknown,7.1.4.1,C-4-1,Test Available,android.opengl.cts.OpenGlEsVersionTest,testExtensionPack(),None,Comment unknown,Bug unknown,/home/gpoor/cts-source/cts//tests/tests/opengl/src/android/opengl/cts/OpenGlEsVersionTest.java,
Section unknown,7.9.2,C-1-4,Test Available,android.opengl.cts.OpenGlEsVersionTest,testOpenGlEsVersionForVrHighPerformance(),None,Comment unknown,Bug unknown,/home/gpoor/cts-source/cts//tests/tests/opengl/src/android/opengl/cts/OpenGlEsVersionTest.java,
Section unknown,7.9.2,C-1-6,Test Available,android.opengl.cts.OpenGlEsVersionTest,testRequiredExtensionsForVrHighPerformance(),None,Comment unknown,Bug unknown,/home/gpoor/cts-source/cts//tests/tests/opengl/src/android/opengl/cts/OpenGlEsVersionTest.java,
Section unknown,7.9.2,C-1-8,Test Available,android.opengl.cts.OpenGlEsVersionTest,testRequiredExtensionsForVrHighPerformance(),None,Comment unknown,Bug unknown,/home/gpoor/cts-source/cts//tests/tests/opengl/src/android/opengl/cts/OpenGlEsVersionTest.java,
Section unknown,7.1.4.1,C-6-1,Test Available,android.opengl.cts.OpenGlEsVersionTest,testRequiredEglExtensions(),None,Comment unknown,Bug unknown,/home/gpoor/cts-source/cts//tests/tests/opengl/src/android/opengl/cts/OpenGlEsVersionTest.java,
Section unknown,7.1.4.5,H-1-1,Test Available,android.opengl.cts.OpenGlEsVersionTest,testRequiredEglExtensionsForHdrCapableDisplay(),None,Comment unknown,Bug unknown,/home/gpoor/cts-source/cts//tests/tests/opengl/src/android/opengl/cts/OpenGlEsVersionTest.java,
Section unknown,7.1.4.5,C-1-4,Test Available,android.opengl.cts.OpenGlEsVersionTest,testRequiredGLESVersion(),None,Comment unknown,Bug unknown,/home/gpoor/cts-source/cts//tests/tests/opengl/src/android/opengl/cts/OpenGlEsVersionTest.java,
Section unknown,7.1.4.5,C-1-5,Test Available,android.opengl.cts.OpenGlEsVersionTest,testRequiredEglExtensionsForWideColorDisplay(),None,Comment unknown,Bug unknown,/home/gpoor/cts-source/cts//tests/tests/opengl/src/android/opengl/cts/OpenGlEsVersionTest.java,
Section unknown,7.1.4.1,C-0-1,Test Available,android.opengl.cts.OpenGlEsVersionTest,,None,Comment unknown,Bug unknown,/home/gpoor/cts-source/cts//tests/tests/opengl/src/android/opengl/cts/OpenGlEsVersionTest.java,
Section unknown,3.8.13,C-1-1,Test Available,android.text.cts.FontCoverageTest,,None,Comment unknown,Bug unknown,/home/gpoor/cts-source/cts//tests/tests/text/src/android/text/cts/FontCoverageTest.java,
Section unknown,3.7,,Test Available,android.app.cts.ActivityManagerMemoryClassTest,testGetMemoryClass(),None,Comment unknown,Bug unknown,/home/gpoor/cts-source/cts//tests/app/src/android/app/cts/ActivityManagerMemoryClassTest.java,
Section unknown,7.5.4,C-0-8,Test Available,android.app.cts.SystemFeaturesTest,checkCamera2Features(),None,Comment unknown,Bug unknown,/home/gpoor/cts-source/cts//tests/app/src/android/app/cts/SystemFeaturesTest.java,
Section unknown,7.6.1,,Test Available,android.app.cts.DownloadManagerTest,testMinimumDownload(),None,Comment unknown,Bug unknown,/home/gpoor/cts-source/cts//tests/app/src/android/app/cts/DownloadManagerTest.java,
Section unknown,7.3.3,,Test Available,android.location.cts.gnss.GnssPseudorangeVerificationTest,testPseudorangeValue(),None,Comment unknown,Bug unknown,/home/gpoor/cts-source/cts//tests/location/location_gnss/src/android/location/cts/gnss/GnssPseudorangeVerificationTest.java,
Section unknown,7.3.3,,Test Available,android.location.cts.gnss.GnssPseudorangeVerificationTest,,None,Comment unknown,Bug unknown,/home/gpoor/cts-source/cts//tests/location/location_gnss/src/android/location/cts/gnss/GnssPseudorangeVerificationTest.java,
Section unknown,7.3.3,,Test Available,android.location.cts.gnss.GnssTtffTests,testTtffWithNetwork(),None,Comment unknown,Bug unknown,/home/gpoor/cts-source/cts//tests/location/location_gnss/src/android/location/cts/gnss/GnssTtffTests.java,
Section unknown,7.4.2,C-2-1,Test Available,android.location.cts.fine.ScanningSettingsTest,testWifiScanningSettings(),None,Comment unknown,Bug unknown,/home/gpoor/cts-source/cts//tests/location/location_fine/src/android/location/cts/fine/ScanningSettingsTest.java,
Section unknown,7.4.3,C-4-1,Test Available,android.location.cts.fine.ScanningSettingsTest,testBleScanningSettings(),None,Comment unknown,Bug unknown,/home/gpoor/cts-source/cts//tests/location/location_fine/src/android/location/cts/fine/ScanningSettingsTest.java,
