Section,section_id,req_id,Test Availability,class_def,method,module,full_key,requirement,key_as_number,search_terms,manual_search_terms,matched_terms,file_name,matched_files,methods_string,urls
,2.2.5,H-0-1,,android.view.accessibility.cts.AccessibilityManagerTest,testGetRecommendedTimeoutMillis(),CtsAccessibilityTestCases,,,,,,,,,,
,2.5.3,A-0-2,,android.view.accessibility.cts.AccessibilityWindowInfoTest,testDefaultValues(),CtsAccessibilityTestCases,,,,,,,,,,
,3.2.3.5,C-2-6,,android.accessibilityservice.cts.AccessibilityViewTreeReportingTest,testUnhideView_receiveSubtreeEvent(),CtsAccessibilityServiceTestCases,,,,,,,,,,
,3.2.3.5,C-15-1,,android.accessibilityservice.cts.AccessibilityViewTreeReportingTest,testAccessibilityImportanceReportingForUnimportantView(),CtsAccessibilityServiceTestCases,,,,,,,,,,
,3.8.2,C-2-2,,android.accessibilityservice.cts.AccessibilityEndToEndTest,AccessibilityDumpOnFailureRule(),CtsAccessibilityServiceTestCases,,,,,,,,,,
,3.8.3.1,C-3-1,,android.accessibilityservice.cts.AccessibilityEndToEndTest,testTypeNotificationStateChangedAccessibilityEvent(),CtsAccessibilityServiceTestCases,,,,,,,,,,
,3.8.3.1,C-3-2,,android.accessibilityservice.cts.AccessibilityEndToEndTest,testTypeNotificationStateChangedAccessibilityEvent(),CtsAccessibilityServiceTestCases,,,,,,,,,,
,3.8.3.1,C-3-2,,android.accessibilityservice.cts.AccessibilitySoftKeyboardTest,testTypeNotificationStateChangedAccessibilityEvent(),CtsAccessibilityServiceTestCases,,,,,,,,,,
,3.8.9,C-1-1,,android.accessibilityservice.cts.AccessibilityTextTraversalTest,testSelectionPositionForNonEditableView(),CtsAccessibilityServiceTestCases,,,,,,,,,,
,3.8.13,C-1-2,,android.accessibilityservice.cts.AccessibilityTextTraversalTest,testSelectionPositionForNonEditableView(),CtsAccessibilityServiceTestCases,,,,,,,,,,
,3.10,C-1-4,,android.accessibilityservice.cts.AccessibilitySystemActionTest,AccessibilityDumpOnFailureRule(),CtsAccessibilityServiceTestCases,,,,,,,,,,
,5.4.3,C-1-1,,android.accessibilityservice.cts.AccessibilityVolumeTest,testChangeAccessibilityVolume_inAccessibilityService_shouldWork(),CtsAccessibilityServiceTestCases,,,,,,,,,,
,5.4.3,C-1-1,,android.accessibilityservice.cts.AccessibilityWindowQueryTest,testChangeAccessibilityVolume_inAccessibilityService_shouldWork(),CtsAccessibilityServiceTestCases,,,,,,,,,,
,5.11,C-1-5,,android.accessibilityservice.cts.AccessibilityEmbeddedHierarchyTest,testEmbeddedViewIsInvisibleAfterMovingOutOfScreen(),CtsAccessibilityServiceTestCases,,,,,,,,,,
,5.11,C-1-6,,android.accessibilityservice.cts.AccessibilityEmbeddedHierarchyTest,testEmbeddedViewIsInvisibleAfterMovingOutOfScreen(),CtsAccessibilityServiceTestCases,,,,,,,,,,
,5.11,C-1-7,,android.accessibilityservice.cts.AccessibilityEmbeddedHierarchyTest,testEmbeddedViewIsInvisibleAfterMovingOutOfScreen(),CtsAccessibilityServiceTestCases,,,,,,,,,,
,5.11,C-1-9,,android.accessibilityservice.cts.AccessibilityEmbeddedHierarchyTest,testEmbeddedViewIsInvisibleAfterMovingOutOfScreen(),CtsAccessibilityServiceTestCases,,,,,,,,,,
,7.2.3,C-0-1,,android.app.cts.AlertDialogTest,testCallback(),CtsAppTestCases,,,,,,,,,,
,7.2.3,C-6-3,,android.app.cts.AlertDialogTest,testCallback(),CtsAppTestCases,,,,,,,,,,
,7.4.2,C-1-1,,android.app.cts.SystemFeaturesTest,testTouchScreenFeatures(),CtsAppTestCases,,,,,,,,,,
,7.4.2,C-1-2,,android.app.cts.SystemFeaturesTest,testTouchScreenFeatures(),CtsAppTestCases,,,,,,,,,,
,7.4.2,C-3-1,,android.app.cts.SystemFeaturesTest,testFakeTouchFeatures(),CtsAppTestCases,,,,,,,,,,
,7.4.2,C-2-1,,android.app.cts.SystemFeaturesTest,testFakeTouchFeatures(),CtsAppTestCases,,,,,,,,,,
,7.4.2.1,C-1-1,,android.app.cts.SystemFeaturesTest,testTouchScreenFeatures(),CtsAppTestCases,,,,,,,,,,
,7.4.2.1,C-1-2,,android.app.cts.SystemFeaturesTest,testTouchScreenFeatures(),CtsAppTestCases,,,,,,,,,,
,7.4.2.2,C-1-1,,android.app.cts.SystemFeaturesTest,testTouchScreenFeatures(),CtsAppTestCases,,,,,,,,,,
,7.4.2.3,C-1-1,,android.app.cts.SystemFeaturesTest,testTouchScreenFeatures(),CtsAppTestCases,,,,,,,,,,
,7.4.2.3,C-1-2,,android.app.cts.SystemFeaturesTest,testTouchScreenFeatures(),CtsAppTestCases,,,,,,,,,,
,7.4.2.3,C-2-1,,android.app.cts.SystemFeaturesTest,testFakeTouchFeatures(),CtsAppTestCases,,,,,,,,,,
,7.4.2.4,C-1-1,,android.app.cts.SystemFeaturesTest,testTouchScreenFeatures(),CtsAppTestCases,,,,,,,,,,
,7.4.2.4,C-1-2,,android.app.cts.SystemFeaturesTest,testTouchScreenFeatures(),CtsAppTestCases,,,,,,,,,,
,7.4.2.4,C-2-1,,android.app.cts.SystemFeaturesTest,testFakeTouchFeatures(),CtsAppTestCases,,,,,,,,,,
,7.4.2.5,C-1-1,,android.app.cts.SystemFeaturesTest,testTouchScreenFeatures(),CtsAppTestCases,,,,,,,,,,
,7.4.2.5,C-1-2,,android.app.cts.SystemFeaturesTest,testTouchScreenFeatures(),CtsAppTestCases,,,,,,,,,,
,7.4.2.6,C-1-1,,android.app.cts.SystemFeaturesTest,testTouchScreenFeatures(),CtsAppTestCases,,,,,,,,,,
,7.4.2.6,C-1-2,,android.app.cts.SystemFeaturesTest,testTouchScreenFeatures(),CtsAppTestCases,,,,,,,,,,
,7.4.2.6,C-2-1,,android.app.cts.SystemFeaturesTest,testFakeTouchFeatures(),CtsAppTestCases,,,,,,,,,,
,7.4.2.7,C-1-1,,android.app.cts.SystemFeaturesTest,testTouchScreenFeatures(),CtsAppTestCases,,,,,,,,,,
,7.4.3,C-1-1,,android.app.cts.SystemFeaturesTest,testTouchScreenFeatures(),CtsAppTestCases,,,,,,,,,,
,7.4.3,C-2-1,,android.app.cts.SystemFeaturesTest,testFakeTouchFeatures(),CtsAppTestCases,,,,,,,,,,
,7.4.3,C-3-1,,android.app.cts.SystemFeaturesTest,testFakeTouchFeatures(),CtsAppTestCases,,,,,,,,,,
,7.4.3,C-3-2,,android.app.cts.SystemFeaturesTest,setUp(),CtsAppTestCases,,,,,,,,,,
,7.4.3,C-3-5,,android.app.cts.SystemFeaturesTest,testCameraFeatures(),CtsAppTestCases,,,,,,,,,,
,7.4.3,C-5-1,,android.app.cts.SystemFeaturesTest,setUp(),CtsAppTestCases,,,,,,,,,,
,7.4.4,C-0-1,,android.app.cts.SystemFeaturesTest,testNfcFeatures(),CtsAppTestCases,,,,,,,,,,
,7.4.4,C-1-1,,android.app.cts.SystemFeaturesTest,testNfcFeatures(),CtsAppTestCases,,,,,,,,,,
,7.4.4,C-1-2,,android.app.cts.SystemFeaturesTest,testTouchScreenFeatures(),CtsAppTestCases,,,,,,,,,,
,7.4.4,C-1-13,,android.app.cts.SystemFeaturesTest,testNfcFeatures(),CtsAppTestCases,,,,,,,,,,
,7.4.4,C-2-1,,android.app.cts.SystemFeaturesTest,testFakeTouchFeatures(),CtsAppTestCases,,,,,,,,,,
,7.4.4,C-2-2,,android.app.cts.SystemFeaturesTest,testNfcFeatures(),CtsAppTestCases,,,,,,,,,,
,7.4.4,C-3-1,,android.app.cts.SystemFeaturesTest,testFakeTouchFeatures(),CtsAppTestCases,,,,,,,,,,
,7.4.4,C-3-2,,android.app.cts.SystemFeaturesTest,testNfcFeatures(),CtsAppTestCases,,,,,,,,,,
,7.4.4,C-4-2,,android.app.cts.SystemFeaturesTest,setUp(),CtsAppTestCases,,,,,,,,,,
,7.4.4,C-4-2,,android.app.cts.DownloadManagerTest,,CtsAppTestCases,,,,,,,,,,
,7.4.8,C-1-1,,android.app.cts.DownloadManagerTest,testProviderAcceptsCleartext(),CtsAppTestCases,,,,,,,,,,
,9.1,C-0-2,,android.app.cts.WallpaperManagerTest,testWallpaperSupportsWcg(),CtsAppTestCases,,,,,,,,,,
,9.9.3.1,C-1-6,,android.app.cts.DialogTest,testConstructor(),CtsAppTestCases,,,,,,,,,,
,9.10,C-3-1,,android.app.cts.DialogTest,setup(),CtsAppTestCases,,,,,,,,,,
,9.11.3,C-0-1,,android.app.cts.DialogTest,setup(),CtsAppTestCases,,,,,,,,,,
,9.16,C-1-4,,android.app.cts.DialogTest,testSetCancelMessage(),CtsAppTestCases,,,,,,,,,,
,11,C-3-1,,android.autofillservice.cts.DatePickerTestCase,testAutoFillAndSave(),CtsAutoFillServiceTestCases,,,,,,,,,,
,11,C-3-1,,android.autofillservice.cts.DatasetFilteringTest,testAutoFillAndSave(),CtsAutoFillServiceTestCases,,,,,,,,,,
,11,C-3-1,,android.autofillservice.cts.FillResponseTest,testAutoFillAndSave(),CtsAutoFillServiceTestCases,,,,,,,,,,
,11,C-3-1,,android.autofillservice.cts.LuhnChecksumValidatorTest,testAutoFillAndSave(),CtsAutoFillServiceTestCases,,,,,,,,,,
,11,C-3-1,,android.autofillservice.cts.UserDataTest,testAutoFillAndSave(),CtsAutoFillServiceTestCases,,,,,,,,,,
,11,C-3-1,,android.autofillservice.cts.Timeouts,Timeouts(),CtsAutoFillServiceTestCases,,,,,,,,,,
,11,C-3-1,,android.autofillservice.cts.ValidatorTest,Timeouts(),CtsAutoFillServiceTestCases,,,,,,,,,,
,11,C-3-1,,android.autofillservice.cts.ValidatorsTest,Timeouts(),CtsAutoFillServiceTestCases,,,,,,,,,,
,11,C-3-1,,android.autofillservice.cts.CustomDescriptionTest,Timeouts(),CtsAutoFillServiceTestCases,,,,,,,,,,
,11,C-3-1,,android.autofillservice.cts.MultiScreenLoginTest,testSaveBothFieldsCustomDescription_sameIds(),CtsAutoFillServiceTestCases,,,,,,,,,,
,11,C-3-1,,android.autofillservice.cts.VirtualContainerActivityTest,testSaveBothFieldsCustomDescription_sameIds(),CtsAutoFillServiceTestCases,,,,,,,,,,
,11,C-3-1,,android.autofillservice.cts.CustomDescriptionDateTest,testSaveSameValue_withoutSanitization(),CtsAutoFillServiceTestCases,,,,,,,,,,
,11,C-3-1,,android.autofillservice.cts.TextValueSanitizerTest,testSanitize_groupSubstitutionMatch_withOptionalGroup(),CtsAutoFillServiceTestCases,,,,,,,,,,
,11,C-3-1,,android.autofillservice.cts.AutoFinishSessionTest,testSanitize_groupSubstitutionMatch_withOptionalGroup(),CtsAutoFillServiceTestCases,,,,,,,,,,
,11,C-3-1,,android.autofillservice.cts.ImageTransformationTest,testSanitize_groupSubstitutionMatch_withOptionalGroup(),CtsAutoFillServiceTestCases,,,,,,,,,,
,11,C-3-1,,android.autofillservice.cts.FillEventHistoryTest,testSanitize_groupSubstitutionMatch_withOptionalGroup(),CtsAutoFillServiceTestCases,,,,,,,,,,
,11,C-3-1,,android.autofillservice.cts.CheckoutActivityTest,testSanitize_groupSubstitutionMatch_withOptionalGroup(),CtsAutoFillServiceTestCases,,,,,,,,,,
,11,C-3-1,,android.autofillservice.cts.ViewAttributesTest,checkViewLocationInAssistStructureAfterForceAutofill(),CtsAutoFillServiceTestCases,,,,,,,,,,
,11,C-3-1,,android.autofillservice.cts.DisableAutofillTest,checkViewLocationInAssistStructureAfterForceAutofill(),CtsAutoFillServiceTestCases,,,,,,,,,,
,11,C-3-1,,android.autofillservice.cts.ServiceEnabledForSureTest,checkViewLocationInAssistStructureAfterForceAutofill(),CtsAutoFillServiceTestCases,,,,,,,,,,
,11,C-3-1,,android.autofillservice.cts.SettingsIntentTest,checkViewLocationInAssistStructureAfterForceAutofill(),CtsAutoFillServiceTestCases,,,,,,,,,,
,11,C-3-1,,android.autofillservice.cts.SimpleSaveActivityTest,checkViewLocationInAssistStructureAfterForceAutofill(),CtsAutoFillServiceTestCases,,,,,,,,,,
,11,C-3-1,,android.autofillservice.cts.CompositeUserDataTest,checkViewLocationInAssistStructureAfterForceAutofill(),CtsAutoFillServiceTestCases,,,,,,,,,,
,11,C-3-1,,android.autofillservice.cts.DateValueSanitizerTest,checkViewLocationInAssistStructureAfterForceAutofill(),CtsAutoFillServiceTestCases,,,,,,,,,,
,11,C-3-1,,android.autofillservice.cts.AuthenticationTest,checkViewLocationInAssistStructureAfterForceAutofill(),CtsAutoFillServiceTestCases,,,,,,,,,,
,11,C-3-1,,android.autofillservice.cts.PartitionedActivityTest,testAutofillMultipleAuthDatasetsNoOverlap(),CtsAutoFillServiceTestCases,,,,,,,,,,
,11,C-3-1,,android.autofillservice.cts.CustomDescriptionWithLinkTestCase,testAutofillMultipleAuthDatasetsNoOverlap(),CtsAutoFillServiceTestCases,,,,,,,,,,
,11,C-3-1,,android.autofillservice.cts.AttachedContextActivityTest,testAutofillMultipleAuthDatasetsNoOverlap(),CtsAutoFillServiceTestCases,,,,,,,,,,
,11,C-3-1,,android.autofillservice.cts.LoginActivityTest,testAutofillMultipleAuthDatasetsNoOverlap(),CtsAutoFillServiceTestCases,,,,,,,,,,
,11,C-3-1,,android.autofillservice.cts.CustomDescriptionUnitTest,testAutofillMultipleAuthDatasetsNoOverlap(),CtsAutoFillServiceTestCases,,,,,,,,,,
,11,C-3-1,,android.autofillservice.cts.LoginWithCustomHighlightActivityTest,testAutofillMultipleAuthDatasetsNoOverlap(),CtsAutoFillServiceTestCases,,,,,,,,,,
,11,C-3-1,,android.autofillservice.cts.BatchUpdatesTest,testAutofillMultipleAuthDatasetsNoOverlap(),CtsAutoFillServiceTestCases,,,,,,,,,,
,11,C-3-1,,android.autofillservice.cts.AutofillSaveDialogTest,testAutofillMultipleAuthDatasetsNoOverlap(),CtsAutoFillServiceTestCases,,,,,,,,,,
,11,C-3-1,,android.autofillservice.cts.augmented.AugmentedLoginActivityTest,testAutofillMultipleAuthDatasetsNoOverlap(),CtsAutoFillServiceTestCases,,,,,,,,,,
,11,C-3-1,,android.autofillservice.cts.augmented.ClipboardAccessTest,testAutofillMultipleAuthDatasetsNoOverlap(),CtsAutoFillServiceTestCases,,,,,,,,,,
,11,C-3-1,,android.autofillservice.cts.augmented.AbstractLoginNotImportantForAutofillTestCase,testAutofillMultipleAuthDatasetsNoOverlap(),CtsAutoFillServiceTestCases,,,,,,,,,,
,11,C-3-1,,android.autofillservice.cts.augmented.DisableAutofillTest,testAutofillMultipleAuthDatasetsNoOverlap(),CtsAutoFillServiceTestCases,,,,,,,,,,
,11,C-3-1,,android.autofillservice.cts.SaveInfoTest,testAutofillMultipleAuthDatasetsNoOverlap(),CtsAutoFillServiceTestCases,,,,,,,,,,
,11,C-3-1,,android.autofillservice.cts.InitializedCheckoutActivityTest,testAutofillMultipleAuthDatasetsNoOverlap(),CtsAutoFillServiceTestCases,,,,,,,,,,
,11,C-3-1,,android.autofillservice.cts.AutofillValueTest,testAutofillMultipleAuthDatasetsNoOverlap(),CtsAutoFillServiceTestCases,,,,,,,,,,
,11,C-3-1,,android.autofillservice.cts.DateTransformationTest,testAutofillMultipleAuthDatasetsNoOverlap(),CtsAutoFillServiceTestCases,,,,,,,,,,
,11,C-3-1,,android.autofillservice.cts.WebViewActivityTest,getActivityRule(),CtsAutoFillServiceTestCases,,,,,,,,,,
,11,C-3-1,,android.autofillservice.cts.FatActivityTest,testManualRequest(),CtsAutoFillServiceTestCases,,,,,,,,,,
,11,C-3-1,,com.android.cts.blob.BlobStoreManagerTest,testBlobHandleCreation(),CtsBlobStoreTestCases,,,,,,,,,,
,11,C-3-1,,android.bugreport.cts.BugreportManagerTest,testBlobHandleCreation(),CtsBugreportTestCases,,,,,,,,,,
,11,C-3-1,,android.hardware.cts.CameraTest,testJpegExif(),CtsCameraTestCases,,,,,,,,,,
,11,C-3-1,,android.hardware.cts.CameraGLTest,testJpegExif(),CtsCameraTestCases,,,,,,,,,,
,11,C-3-1,,android.hardware.camera2.cts.StaticMetadataTest,testJpegExif(),CtsCameraTestCases,,,,,,,,,,
,11,C-3-1,,android.hardware.camera2.cts.FlashlightTest,testJpegExif(),CtsCameraTestCases,,,,,,,,,,
,11,C-3-1,,android.hardware.camera2.cts.CaptureResultTest,testJpegExif(),CtsCameraTestCases,,,,,,,,,,
,11,C-3-1,,android.hardware.camera2.cts.CameraDeviceTest,testJpegExif(),CtsCameraTestCases,,,,,,,,,,
,11,C-3-1,,android.hardware.camera2.cts.MultiViewTest,testJpegExif(),CtsCameraTestCases,,,,,,,,,,
,11,C-3-1,,android.hardware.camera2.cts.CaptureRequestTest,testJpegExif(),CtsCameraTestCases,,,,,,,,,,
,11,C-3-1,,android.hardware.camera2.cts.ImageReaderTest,testJpegExif(),CtsCameraTestCases,,,,,,,,,,
,11,C-3-1,,android.hardware.camera2.cts.SimpleObjectsTest,testJpegExif(),CtsCameraTestCases,,,,,,,,,,
,11,C-3-1,,android.hardware.camera2.cts.ConcurrentCameraTest,testJpegExif(),CtsCameraTestCases,,,,,,,,,,
,11,C-3-1,,android.hardware.camera2.cts.BurstCaptureTest,testJpegExif(),CtsCameraTestCases,,,,,,,,,,
,11,C-3-1,,android.hardware.camera2.cts.PerformanceTest,testJpegExif(),CtsCameraTestCases,,,,,,,,,,
,11,C-3-1,,android.hardware.camera2.cts.LogicalCameraDeviceTest,testJpegExif(),CtsCameraTestCases,,,,,,,,,,
,11,C-3-1,,android.hardware.camera2.cts.IdleUidTest,testJpegExif(),CtsCameraTestCases,,,,,,,,,,
,11,C-3-1,,android.hardware.camera2.cts.NativeCameraDeviceTest,testJpegExif(),CtsCameraTestCases,,,,,,,,,,
,11,C-3-1,,android.hardware.camera2.cts.AllocationTest,testJpegExif(),CtsCameraTestCases,,,,,,,,,,
,11,C-3-1,,android.hardware.camera2.cts.NativeCameraManagerTest,testJpegExif(),CtsCameraTestCases,,,,,,,,,,
,11,C-3-1,,android.hardware.camera2.cts.ReprocessCaptureTest,testJpegExif(),CtsCameraTestCases,,,,,,,,,,
,11,C-3-1,,android.hardware.camera2.cts.OfflineSessionTest,testJpegExif(),CtsCameraTestCases,,,,,,,,,,
,11,C-3-1,,android.hardware.camera2.cts.StillCaptureTest,testFocalLengths(),CtsCameraTestCases,,,,,,,,,,
,11,C-3-1,,android.hardware.camera2.cts.RecordingTest,testFocalLengths(),CtsCameraTestCases,,,,,,,,,,
,11,C-3-1,,android.hardware.camera2.cts.CameraManagerTest,testFocalLengths(),CtsCameraTestCases,,,,,,,,,,
,11,C-3-1,,android.hardware.camera2.cts.RobustnessTest,testFocalLengths(),CtsCameraTestCases,,,,,,,,,,
,11,C-3-1,,android.hardware.camera2.cts.FastBasicsTest,testFocalLengths(),CtsCameraTestCases,,,,,,,,,,
,11,C-3-1,,android.hardware.camera2.cts.HeifWriterTest,testFocalLengths(),CtsCameraTestCases,,,,,,,,,,
,11,C-3-1,,android.hardware.camera2.cts.NativeImageReaderTest,testFocalLengths(),CtsCameraTestCases,,,,,,,,,,
,11,C-3-1,,android.hardware.camera2.cts.SurfaceViewPreviewTest,testFocalLengths(),CtsCameraTestCases,,,,,,,,,,
,11,C-3-1,,android.hardware.camera2.cts.DngCreatorTest,testFocalLengths(),CtsCameraTestCases,,,,,,,,,,
,11,C-3-1,,android.hardware.camera2.cts.ExtendedCameraCharacteristicsTest,testMonochromeCharacteristics(),CtsCameraTestCases,,,,,,,,,,
,11,C-3-1,,android.hardware.camera2.cts.ImageWriterTest,testMonochromeCharacteristics(),CtsCameraTestCases,,,,,,,,,,
,11,C-3-1,,android.hardware.camera2.cts.BurstCaptureRawTest,testMonochromeCharacteristics(),CtsCameraTestCases,,,,,,,,,,
,11,C-3-1,,android.contentcaptureservice.cts.unit.ViewNodeTest,testMonochromeCharacteristics(),CtsContentCaptureServiceTestCases,,,,,,,,,,
,11,C-3-1,,android.contentcaptureservice.cts.unit.ContentCaptureContextTest,testMonochromeCharacteristics(),CtsContentCaptureServiceTestCases,,,,,,,,,,
,11,C-3-1,,android.contentcaptureservice.cts.unit.ContentCaptureConditionTest,testMonochromeCharacteristics(),CtsContentCaptureServiceTestCases,,,,,,,,,,
,11,C-3-1,,android.contentcaptureservice.cts.unit.DataRemovalRequestTest,testMonochromeCharacteristics(),CtsContentCaptureServiceTestCases,,,,,,,,,,
,11,C-3-1,,android.contentcaptureservice.cts.ClipboardAccessTest,testMonochromeCharacteristics(),CtsContentCaptureServiceTestCases,,,,,,,,,,
,11,C-3-1,,android.contentcaptureservice.cts.CanaryTest,testMonochromeCharacteristics(),CtsContentCaptureServiceTestCases,,,,,,,,,,
,11,C-3-1,,android.contentcaptureservice.cts.CustomViewActivityTest,testVirtualView_multipleLevels(),CtsContentCaptureServiceTestCases,,,,,,,,,,
,11,C-3-1,,android.contentcaptureservice.cts.DataSharingServiceTest,testVirtualView_multipleLevels(),CtsContentCaptureServiceTestCases,,,,,,,,,,
,11,C-3-1,,android.contentcaptureservice.cts.BlankWithTitleActivityTest,testVirtualView_multipleLevels(),CtsContentCaptureServiceTestCases,,,,,,,,,,
,11,C-3-1,,android.contentcaptureservice.cts.DataSharingActivityTest,testVirtualView_multipleLevels(),CtsContentCaptureServiceTestCases,,,,,,,,,,
,11,C-3-1,,android.contentcaptureservice.cts.BlankActivityTest,testVirtualView_multipleLevels(),CtsContentCaptureServiceTestCases,,,,,,,,,,
,11,C-3-1,,android.contentcaptureservice.cts.WhitelistTest,testVirtualView_multipleLevels(),CtsContentCaptureServiceTestCases,,,,,,,,,,
,11,C-3-1,,android.contentcaptureservice.cts.LoginActivityTest,testSimpleLifecycle_changeContextOnCreate(),CtsContentCaptureServiceTestCases,,,,,,,,,,
,11,C-3-1,,android.contentcaptureservice.cts.ChildlessActivityTest,testRemoveChildrenFromDifferentSessions(),CtsContentCaptureServiceTestCases,,,,,,,,,,
,11,C-3-1,,android.contentcaptureservice.cts.ResizingEditActivityTest,testRemoveChildrenFromDifferentSessions(),CtsContentCaptureServiceTestCases,,,,,,,,,,
,11,C-3-1,,android.contentsuggestions.cts.ContentSuggestionsManagerTest,testRemoveChildrenFromDifferentSessions(),CtsContentSuggestionsTestCases,,,,,,,,,,
,11,C-3-1,,android.controls.cts.CtsControlsServiceTest,testRemoveChildrenFromDifferentSessions(),CtsControlsDeviceTestCases,,,,,,,,,,
,11,C-3-1,,android.controls.cts.CtsControlBuilderTest,testRemoveChildrenFromDifferentSessions(),CtsControlsDeviceTestCases,,,,,,,,,,
,11,C-3-1,,android.controls.cts.CtsControlTemplateTest,testRemoveChildrenFromDifferentSessions(),CtsControlsDeviceTestCases,,,,,,,,,,
,11,C-3-1,,com.android.cts.core.runner.support.TestNgRunnerBuilder,testRemoveChildrenFromDifferentSessions(),,,,,,,,,,,
,11,C-3-1,,android.dropboxmanager.cts.DropBoxTests,testRemoveChildrenFromDifferentSessions(),CtsDropBoxManagerTestCases,,,,,,,,,,
,11,C-3-1,,android.filesystem.cts.RandomRWTest,testRemoveChildrenFromDifferentSessions(),CtsFileSystemTestCases,,,,,,,,,,
,11,C-3-1,,android.filesystem.cts.SequentialRWTest,testRemoveChildrenFromDifferentSessions(),CtsFileSystemTestCases,,,,,,,,,,
,11,C-3-1,,android.filesystem.cts.AlmostFullTest,testRemoveChildrenFromDifferentSessions(),CtsFileSystemTestCases,,,,,,,,,,
,11,C-3-1,,android.fragment.cts.PrimaryNavFragmentTest,testRemoveChildrenFromDifferentSessions(),CtsFragmentTestCases,,,,,,,,,,
,11,C-3-1,,android.fragment.cts.FragmentAnimatorTest,testRemoveChildrenFromDifferentSessions(),CtsFragmentTestCases,,,,,,,,,,
,11,C-3-1,,android.fragment.cts.PostponedTransitionTest,testRemoveChildrenFromDifferentSessions(),CtsFragmentTestCases,,,,,,,,,,
,11,C-3-1,,android.fragment.cts.FragmentTransitionTest,testRemoveChildrenFromDifferentSessions(),CtsFragmentTestCases,,,,,,,,,,
,11,C-3-1,,android.fragment.cts.NestedInflatedFragmentTest,testRemoveChildrenFromDifferentSessions(),CtsFragmentTestCases,,,,,,,,,,
,11,C-3-1,,android.fragment.cts.FragmentViewTests,testRemoveChildrenFromDifferentSessions(),CtsFragmentTestCases,,,,,,,,,,
,11,C-3-1,,android.fragment.cts.FragmentReorderingTest,testRemoveChildrenFromDifferentSessions(),CtsFragmentTestCases,,,,,,,,,,
,11,C-3-1,,android.fragment.cts.FragmentExecuteTests,testRemoveChildrenFromDifferentSessions(),CtsFragmentTestCases,,,,,,,,,,
,11,C-3-1,,android.fragment.cts.FragmentTransactionTest,testRemoveChildrenFromDifferentSessions(),CtsFragmentTestCases,,,,,,,,,,
,11,C-3-1,,android.fragment.cts.LoaderTest,testRemoveChildrenFromDifferentSessions(),CtsFragmentTestCases,,,,,,,,,,
,11,C-3-1,,android.fragment.cts.FragmentLifecycleTest,testRemoveChildrenFromDifferentSessions(),CtsFragmentTestCases,,,,,,,,,,
,11,C-3-1,,android.server.wm.jetpack.ExtensionTest,testRemoveChildrenFromDifferentSessions(),,,,,,,,,,,
,11,C-3-1,,android.server.wm.BackgroundActivityLaunchTest,testRemoveChildrenFromDifferentSessions(),,,,,,,,,,,
,11,C-3-1,,android.server.wm.AspectRatioSdk25Tests,testRemoveChildrenFromDifferentSessions(),,,,,,,,,,,
,11,C-3-1,,android.server.wm.SurfaceControlViewHostTests,testRemoveChildrenFromDifferentSessions(),,,,,,,,,,,
,11,C-3-1,,android.server.wm.AddWindowAsUserTest,testRemoveChildrenFromDifferentSessions(),,,,,,,,,,,
,11,C-3-1,,android.server.wm.WindowFocusTests,testRemoveChildrenFromDifferentSessions(),,,,,,,,,,,
,11,C-3-1,,android.server.wm.WindowInsetsPolicyTest,testRemoveChildrenFromDifferentSessions(),,,,,,,,,,,
,11,C-3-1,,android.server.wm.SurfaceViewSurfaceValidatorTest,testRemoveChildrenFromDifferentSessions(),,,,,,,,,,,
,11,C-3-1,,android.server.wm.RobustnessTests,testRemoveChildrenFromDifferentSessions(),,,,,,,,,,,
,11,C-3-1,,android.server.wm.AnrTests,testRemoveChildrenFromDifferentSessions(),,,,,,,,,,,
,11,C-3-1,,android.server.wm.intent.IntentTests,testRemoveChildrenFromDifferentSessions(),,,,,,,,,,,
,11,C-3-1,,android.server.wm.intent.IntentGenerationTests,testRemoveChildrenFromDifferentSessions(),,,,,,,,,,,
,11,C-3-1,,android.server.wm.AppConfigurationTests,testFixedOrientationWhenRotating(),,,,,,,,,,,
,11,C-3-1,,android.server.wm.AssistantStackTests,testTranslucentAssistantActivityStackVisibility(),,,,,,,,,,,
,11,C-3-1,,android.server.wm.SurfaceControlTest,testTranslucentAssistantActivityStackVisibility(),,,,,,,,,,,
,11,C-3-1,,android.server.wm.MultiDisplayPolicyTests,testTranslucentAssistantActivityStackVisibility(),,,,,,,,,,,
,11,C-3-1,,android.server.wm.WindowContextPolicyTests,testTranslucentAssistantActivityStackVisibility(),,,,,,,,,,,
,11,C-3-1,,android.server.wm.CrossAppDragAndDropTests,testTranslucentAssistantActivityStackVisibility(),,,,,,,,,,,
,11,C-3-1,,android.server.wm.KeyguardTests,testShowWhenLockedActivity(),,,,,,,,,,,
,11,C-3-1,,android.server.wm.ActivityViewTest,testShowWhenLockedActivity(),,,,,,,,,,,
,11,C-3-1,,android.server.wm.MultiDisplayClientTests,testShowWhenLockedActivity(),,,,,,,,,,,
,11,C-3-1,,android.server.wm.DragDropTest,testShowWhenLockedActivity(),,,,,,,,,,,
,11,C-3-1,,android.server.wm.CloseOnOutsideTests,testShowWhenLockedActivity(),,,,,,,,,,,
,11,C-3-1,,android.server.wm.WindowManager_LayoutParamsTest,testShowWhenLockedActivity(),,,,,,,,,,,
,11,C-3-1,,android.server.wm.AmProfileTests,testShowWhenLockedActivity(),,,,,,,,,,,
,11,C-3-1,,android.server.wm.PresentationTest,testShowWhenLockedActivity(),,,,,,,,,,,
,11,C-3-1,,android.server.wm.VrDisplayTests,testShowWhenLockedActivity(),,,,,,,,,,,
,11,C-3-1,,android.server.wm.DisplayTests,testShowWhenLockedActivity(),,,,,,,,,,,
,11,C-3-1,,android.server.wm.ActivityTransitionTests,testShowWhenLockedActivity(),,,,,,,,,,,
,11,C-3-1,,android.server.wm.ManifestLayoutTests,testShowWhenLockedActivity(),,,,,,,,,,,
,11,C-3-1,,android.server.wm.ToastWindowTest,testShowWhenLockedActivity(),,,,,,,,,,,
,11,C-3-1,,android.server.wm.MultiDisplayLockedKeyguardTests,testShowWhenLockedActivity(),,,,,,,,,,,
,11,C-3-1,,android.server.wm.WindowInsetsAnimationTests,testShowWhenLockedActivity(),,,,,,,,,,,
,11,C-3-1,,android.server.wm.AlertWindowsTests,setUp(),,,,,,,,,,,
,11,C-3-1,,android.server.wm.AmStartOptionsTests,setUp(),,,,,,,,,,,
,11,C-3-1,,android.server.wm.PinnedStackTests,setUp(),,,,,,,,,,,
,11,C-3-1,,android.server.wm.WindowInsetsAnimationControllerTests,setUp(),,,,,,,,,,,
,11,C-3-1,,android.server.wm.DreamManagerServiceTests,setUp(),,,,,,,,,,,
,11,C-3-1,,android.server.wm.MultiDisplayKeyguardTests,setUp(),,,,,,,,,,,
,11,C-3-1,,android.server.wm.TransitionSelectionTests,setUp(),,,,,,,,,,,
,11,C-3-1,,android.server.wm.SurfaceViewTest,setUp(),,,,,,,,,,,
,11,C-3-1,,android.server.wm.KeyguardTransitionTests,setUp(),,,,,,,,,,,
,11,C-3-1,,android.server.wm.DialogFrameTests,setUp(),,,,,,,,,,,
,11,C-3-1,,android.server.wm.WindowInsetsControllerTests,setUp(),,,,,,,,,,,
,11,C-3-1,,android.server.wm.MultiDisplaySecurityTests,setUp(),,,,,,,,,,,
,11,C-3-1,,android.server.wm.MultiDisplayActivityLaunchTests,setUp(),,,,,,,,,,,
,11,C-3-1,,android.server.wm.LayoutTests,setUp(),,,,,,,,,,,
,11,C-3-1,,android.server.wm.ActivityTaskAffinityTests,setUp(),,,,,,,,,,,
,11,C-3-1,,android.server.wm.MultiDisplayPrivateDisplayTests,setUp(),,,,,,,,,,,
,11,C-3-1,,android.server.wm.WindowManager_BadTokenExceptionTest,setUp(),,,,,,,,,,,
,11,C-3-1,,android.server.wm.WindowInsetsLayoutTests,setUp(),,,,,,,,,,,
,11,C-3-1,,android.server.wm.StartActivityTests,setUp(),,,,,,,,,,,
,11,C-3-1,,android.server.wm.LocationInWindowTests,testLocationInWindow_appWindow_displayCutoutShortEdges(),,,,,,,,,,,
,11,C-3-1,,android.server.wm.LocationOnScreenTests,testLocationInWindow_appWindow_displayCutoutShortEdges(),,,,,,,,,,,
,11,C-3-1,,android.server.wm.ActivityVisibilityTests,testLocationInWindow_appWindow_displayCutoutShortEdges(),,,,,,,,,,,
,11,C-3-1,,android.server.wm.DisplaySizeTest,testLocationInWindow_appWindow_displayCutoutShortEdges(),,,,,,,,,,,
,11,C-3-1,,android.server.wm.AspectRatioTests,testLocationInWindow_appWindow_displayCutoutShortEdges(),,,,,,,,,,,
,11,C-3-1,,android.server.wm.ActivityMetricsLoggerTests,testAppColdLaunchSetsWaitResultDelayData(),,,,,,,,,,,
,11,C-3-1,,android.server.wm.PrereleaseSdkTest,testAppColdLaunchSetsWaitResultDelayData(),,,,,,,,,,,
,11,C-3-1,,android.server.wm.ReplaceWindowTests,testAppColdLaunchSetsWaitResultDelayData(),,,,,,,,,,,
,11,C-3-1,,android.server.wm.WindowInsetsAnimationSynchronicityTests,testAppColdLaunchSetsWaitResultDelayData(),,,,,,,,,,,
,11,C-3-1,,android.server.wm.FreeformWindowingModeTests,testAppColdLaunchSetsWaitResultDelayData(),,,,,,,,,,,
,11,C-3-1,,android.server.wm.ActivityManagerGetConfigTests,testAppColdLaunchSetsWaitResultDelayData(),,,,,,,,,,,
,11,C-3-1,,android.server.wm.EnsureBarContrastTest,testAppColdLaunchSetsWaitResultDelayData(),,,,,,,,,,,
,11,C-3-1,,android.server.wm.DisplayCutoutTests,testAppColdLaunchSetsWaitResultDelayData(),,,,,,,,,,,
,11,C-3-1,,android.server.wm.WindowInsetsAnimationImeTests,testAppColdLaunchSetsWaitResultDelayData(),,,,,,,,,,,
,11,C-3-1,,android.server.wm.ConfigChangeTests,testAppColdLaunchSetsWaitResultDelayData(),,,,,,,,,,,
,11,C-3-1,,android.server.wm.MinimalPostProcessingTests,testAppColdLaunchSetsWaitResultDelayData(),,,,,,,,,,,
,11,C-3-1,,android.server.wm.WindowContextTests,testAppColdLaunchSetsWaitResultDelayData(),,,,,,,,,,,
,11,C-3-1,,android.server.wm.WindowTest,testAppColdLaunchSetsWaitResultDelayData(),,,,,,,,,,,
,11,C-3-1,,android.server.wm.WindowInputTests,testAppColdLaunchSetsWaitResultDelayData(),,,,,,,,,,,
,11,C-3-1,,android.server.wm.WindowInsetsAnimationCallbackTests,testAppColdLaunchSetsWaitResultDelayData(),,,,,,,,,,,
,11,C-3-1,,android.server.wm.MultiDisplaySystemDecorationTests,testImeWindowCanShownWhenActivityMovedToDisplay(),,,,,,,,,,,
,11,C-3-1,,android.server.wm.StartActivityAsUserTests,testImeWindowCanShownWhenActivityMovedToDisplay(),,,,,,,,,,,
,11,C-3-1,,android.server.wm.ForceRelayoutTest,testImeWindowCanShownWhenActivityMovedToDisplay(),,,,,,,,,,,
,11,C-3-1,,android.server.wm.DecorInsetTests,testImeWindowCanShownWhenActivityMovedToDisplay(),,,,,,,,,,,
,11,C-3-1,,android.server.wm.SplitScreenTests,testImeWindowCanShownWhenActivityMovedToDisplay(),,,,,,,,,,,
,11,C-3-1,,android.server.wm.KeyguardLockedTests,testDisableKeyguard_thenSettingCredential_reenablesKeyguard_b119322269(),,,,,,,,,,,
,11,C-3-1,,android.server.wm.WindowMetricsTests,testDisableKeyguard_thenSettingCredential_reenablesKeyguard_b119322269(),,,,,,,,,,,
,11,C-3-1,,android.server.wm.lifecycle.ActivityLifecycleSplitScreenTests,testResultInNonFocusedStack(),,,,,,,,,,,
,11,C-3-1,,android.server.wm.lifecycle.ActivityLifecycleTests,testResultInNonFocusedStack(),,,,,,,,,,,
,11,C-3-1,,android.server.wm.lifecycle.ActivityLifecyclePipTests,testResultInNonFocusedStack(),,,,,,,,,,,
,11,C-3-1,,android.server.wm.lifecycle.ActivityLifecycleFreeformTests,testResultInNonFocusedStack(),,,,,,,,,,,
,11,C-3-1,,android.server.wm.lifecycle.ActivityLifecycleKeyguardTests,testResultInNonFocusedStack(),,,,,,,,,,,
,11,C-3-1,,android.server.wm.lifecycle.ActivityStarterTests,testResultInNonFocusedStack(),,,,,,,,,,,
,11,C-3-1,,android.server.wm.lifecycle.ActivityLifecycleTopResumedStateTests,testResultInNonFocusedStack(),,,,,,,,,,,
,11,C-3-1,,android.server.wm.lifecycle.ActivityTests,testResultInNonFocusedStack(),,,,,,,,,,,
,11,C-3-1,,android.server.wm.WindowInsetsTest,testInset_clipsToZero(),,,,,,,,,,,
,11,C-3-1,,android.server.wm.ForceRelayoutSdk29Test,testInset_clipsToZero(),,,,,,,,,,,
,11,C-3-1,,android.server.wm.DecorInsetSdk29Tests,testInset_clipsToZero(),,,,,,,,,,,
,11,C-3-1,,android.view.inputmethod.cts.OnScreenPositionTest,testInset_clipsToZero(),CtsInputMethodTestCases,,,,,,,,,,
,11,C-3-1,,android.view.inputmethod.cts.InlineSuggestionTest,testInset_clipsToZero(),CtsInputMethodTestCases,,,,,,,,,,
,11,C-3-1,,android.view.inputmethod.cts.InlineSuggestionsResponseTest,testInset_clipsToZero(),CtsInputMethodTestCases,,,,,,,,,,
,11,C-3-1,,android.view.inputmethod.cts.BaseInputConnectionTest,testOpComposingSpans(),CtsInputMethodTestCases,,,,,,,,,,
,11,C-3-1,,android.view.inputmethod.cts.InputContentInfoTest,testOpComposingSpans(),CtsInputMethodTestCases,,,,,,,,,,
,11,C-3-1,,android.view.inputmethod.cts.SearchViewTest,testOpComposingSpans(),CtsInputMethodTestCases,,,,,,,,,,
,11,C-3-1,,android.view.inputmethod.cts.FocusHandlingTest,testOpComposingSpans(),CtsInputMethodTestCases,,,,,,,,,,
,11,C-3-1,,android.view.inputmethod.cts.KeyboardTest,testOpComposingSpans(),CtsInputMethodTestCases,,,,,,,,,,
,11,C-3-1,,android.view.inputmethod.cts.CursorAnchorInfoTest,testMatrixIsRequired(),CtsInputMethodTestCases,,,,,,,,,,
,11,C-3-1,,android.view.inputmethod.cts.EditorInfoTest,testMatrixIsRequired(),CtsInputMethodTestCases,,,,,,,,,,
,11,C-3-1,,android.view.inputmethod.cts.ExtractedTextRequestTest,testMatrixIsRequired(),CtsInputMethodTestCases,,,,,,,,,,
,11,C-3-1,,android.view.inputmethod.cts.InlineSuggestionsRequestTest,testMatrixIsRequired(),CtsInputMethodTestCases,,,,,,,,,,
,11,C-3-1,,android.view.inputmethod.cts.ImeInsetsVisibilityTest,testMatrixIsRequired(),CtsInputMethodTestCases,,,,,,,,,,
,11,C-3-1,,android.view.inputmethod.cts.InputConnectionWrapperTest,testMatrixIsRequired(),CtsInputMethodTestCases,,,,,,,,,,
,11,C-3-1,,android.view.inputmethod.cts.InputMethodStartInputLifecycleTest,testMatrixIsRequired(),CtsInputMethodTestCases,,,,,,,,,,
,11,C-3-1,,android.view.inputmethod.cts.InputMethodManagerTest,testMatrixIsRequired(),CtsInputMethodTestCases,,,,,,,,,,
,11,C-3-1,,android.view.inputmethod.cts.PackageVisibilityTest,testMatrixIsRequired(),CtsInputMethodTestCases,,,,,,,,,,
,11,C-3-1,,android.view.inputmethod.cts.InputConnectionBlockingMethodTest,testMatrixIsRequired(),CtsInputMethodTestCases,,,,,,,,,,
,11,C-3-1,,android.view.inputmethod.cts.KeyboardVisibilityControlTest,testMatrixIsRequired(),CtsInputMethodTestCases,,,,,,,,,,
,11,C-3-1,,android.view.inputmethod.cts.InputMethodServiceTest,testMatrixIsRequired(),CtsInputMethodTestCases,,,,,,,,,,
,11,C-3-1,,android.view.inputmethod.cts.InlineSuggestionInfoTest,testMatrixIsRequired(),CtsInputMethodTestCases,,,,,,,,,,
,11,C-3-1,,android.view.inputmethod.cts.ImeInsetsControllerTest,testMatrixIsRequired(),CtsInputMethodTestCases,,,,,,,,,,
,11,C-3-1,,android.view.inputmethod.cts.InputMethodInfoTest,testMatrixIsRequired(),CtsInputMethodTestCases,,,,,,,,,,
,11,C-3-1,,android.view.inputmethod.cts.NavigationBarColorTest,testLightNavigationBar(),CtsInputMethodTestCases,,,,,,,,,,
,11,C-3-1,,android.jobscheduler.cts.JobThrottlingTest,testLightNavigationBar(),CtsJobSchedulerTestCases,,,,,,,,,,
,11,C-3-1,,android.location.cts.privileged.PrivilegedLocationPermissionTest,testLightNavigationBar(),,,,,,,,,,,
,11,C-3-1,,android.location.cts.none.NoLocationPermissionTest,testLightNavigationBar(),,,,,,,,,,,
,11,C-3-1,,android.location.cts.fine.GnssMeasurementsEventTest,testLightNavigationBar(),,,,,,,,,,,
,11,C-3-1,,android.location.cts.fine.GnssAntennaInfoRegistrationTest,testLightNavigationBar(),,,,,,,,,,,
,11,C-3-1,,android.location.cts.fine.CriteriaTest,testLightNavigationBar(),,,,,,,,,,,
,11,C-3-1,,android.location.cts.fine.GnssAntennaInfoTest,,,,,,,,,,,,
,11,C-3-1,,android.location.cts.fine.LocationTest,testAccessBearing(),,,,,,,,,,,
,11,C-3-1,,android.location.cts.fine.LocationManagerFineTest,testSetTestProviderLocation_B33091107(),,,,,,,,,,,
,11,C-3-1,,android.location.cts.fine.SettingInjectorServiceTest,testSetTestProviderLocation_B33091107(),,,,,,,,,,,
,11,C-3-1,,android.location.cts.fine.GnssStatusTest,testSetTestProviderLocation_B33091107(),,,,,,,,,,,
,11,C-3-1,,android.location.cts.fine.GnssMeasurementTest,testSetReset(),,,,,,,,,,,
,11,C-3-1,,android.location.cts.fine.GeocoderTest,testSetReset(),,,,,,,,,,,
,11,C-3-1,,android.location.cts.fine.GnssClockTest,testSetReset(),,,,,,,,,,,
,11,C-3-1,,android.location.cts.fine.AddressTest,testAccessPostalCode(),,,,,,,,,,,
,11,C-3-1,,android.location.cts.coarse.LocationManagerCoarseTest,testAccessPostalCode(),,,,,,,,,,,
,11,C-3-1,,android.mediav2.cts.CodecEncoderTest,testAdaptiveBitRate(),CtsMediaV2TestCases,,,,,,,,,,
,11,C-3-1,,android.mediav2.cts.CodecDecoderSurfaceTest,testReconfigure(),CtsMediaV2TestCases,,,,,,,,,,
,11,C-3-1,,android.mediav2.cts.ExtractorUnitTest,testReconfigure(),CtsMediaV2TestCases,,,,,,,,,,
,11,C-3-1,,android.mediav2.cts.MuxerUnitTest,testReconfigure(),CtsMediaV2TestCases,,,,,,,,,,
,11,C-3-1,,android.mediav2.cts.ExtractorTest,testReconfigure(),CtsMediaV2TestCases,,,,,,,,,,
,11,C-3-1,,android.mediav2.cts.CodecDecoderTest,testDecodePartialFrame(),CtsMediaV2TestCases,,,,,,,,,,
,11,C-3-1,,android.mediav2.cts.MuxerTest,testOffsetPresentationTimeNative(),CtsMediaV2TestCases,,,,,,,,,,
,11,C-3-1,,android.mediav2.cts.CodecDecoderExtTest,testOffsetPresentationTimeNative(),CtsMediaV2TestCases,,,,,,,,,,
,11,C-3-1,,android.mediav2.cts.CodecUnitTest,testOffsetPresentationTimeNative(),CtsMediaV2TestCases,,,,,,,,,,
,11,C-3-1,,android.mediav2.cts.CodecEncoderSurfaceTest,testSimpleEncodeFromSurface(),CtsMediaV2TestCases,,,,,,,,,,
,11,C-3-1,,android.mediapc.cts.MultiTranscoderPerfTest,testSimpleEncodeFromSurface(),CtsMediaPerformanceClassTestCases,,,,,,,,,,
,11,C-3-1,,android.mediapc.cts.MultiDecoderPairPerfTest,testSimpleEncodeFromSurface(),CtsMediaPerformanceClassTestCases,,,,,,,,,,
,11,C-3-1,,android.mediapc.cts.AdaptivePlaybackFrameDropTest,testSimpleEncodeFromSurface(),CtsMediaPerformanceClassTestCases,,,,,,,,,,
,11,C-3-1,,android.mediapc.cts.MultiEncoderPerfTest,testSimpleEncodeFromSurface(),CtsMediaPerformanceClassTestCases,,,,,,,,,,
,11,C-3-1,,android.mediapc.cts.PerformanceClassTest,testSimpleEncodeFromSurface(),CtsMediaPerformanceClassTestCases,,,,,,,,,,
,11,C-3-1,,android.graphics.pdf.cts.PdfRendererTest,testPrintScalePDF16None(),CtsPdfTestCases,,,,,,,,,,
,11,C-3-1,,android.graphics.pdf.cts.PdfDocumentTest,testPrintScalePDF16None(),CtsPdfTestCases,,,,,,,,,,
,11,C-3-1,,android.providerui.cts.MediaStoreUiTest,testPrintScalePDF16None(),CtsProviderUiTestCases,,,,,,,,,,
,11,C-3-1,,android.quickaccesswallet.cts.SelectWalletCardRequestTest,testPrintScalePDF16None(),CtsQuickAccessWalletTestCases,,,,,,,,,,
,11,C-3-1,,android.quickaccesswallet.cts.QuickAccessWalletClientTest,testPrintScalePDF16None(),CtsQuickAccessWalletTestCases,,,,,,,,,,
,11,C-3-1,,android.quickaccesswallet.cts.GetWalletCardsRequestTest,testPrintScalePDF16None(),CtsQuickAccessWalletTestCases,,,,,,,,,,
,11,C-3-1,,android.quickaccesswallet.cts.WalletCardTest,testPrintScalePDF16None(),CtsQuickAccessWalletTestCases,,,,,,,,,,
,11,C-3-1,,android.quickaccesswallet.cts.GetWalletCardsErrorTest,testPrintScalePDF16None(),CtsQuickAccessWalletTestCases,,,,,,,,,,
,11,C-3-1,,com.android.cts.rollback.RollbackManagerTest,testPrintScalePDF16None(),CtsRollbackManagerTestCases,,,,,,,,,,
,11,C-3-1,,android.sample.cts.SampleJUnit4DeviceTest,testPrintScalePDF16None(),CtsSampleDeviceTestCases,,,,,,,,,,
,11,C-3-1,,android.signature.cts.InterfaceChecker,testPrintScalePDF16None(),,,,,,,,,,,
,11,C-3-1,,android.signature.cts.tests.LineSpliteratorTestBase,testPrintScalePDF16None(),,,,,,,,,,,
,11,C-3-1,,android.signature.cts.tests.AnnotationCheckerTest,testPrintScalePDF16None(),,,,,,,,,,,
,11,C-3-1,,android.signature.cts.tests.ApiComplianceCheckerTest,testPrintScalePDF16None(),,,,,,,,,,,
,11,C-3-1,,android.suspendapps.permission.cts.NegativePermissionsTest,testPrintScalePDF16None(),,,,,,,,,,,
,11,C-3-1,,android.suspendapps.cts.DistractingPackageTest,testPrintScalePDF16None(),,,,,,,,,,,
,11,C-3-1,,android.suspendapps.cts.DialogTests,testPrintScalePDF16None(),,,,,,,,,,,
,11,C-3-1,,android.suspendapps.cts.DualSuspendTests,testPrintScalePDF16None(),,,,,,,,,,,
,11,C-3-1,,android.suspendapps.cts.SuspendPackagesTest,testPrintScalePDF16None(),,,,,,,,,,,
,11,C-3-1,,android.thermal.cts.NativeThermalTest,testPrintScalePDF16None(),,,,,,,,,,,
,11,C-3-1,,android.widget.toast.cts.legacy.ToastTest,testPrintScalePDF16None(),,,,,,,,,,,
,11,C-3-1,,android.settings.cts.WifiSliceTest,testPrintScalePDF16None(),,,,,,,,,,,
,11,C-3-1,,android.transition.cts.TransitionListenerAdapterTest,testPrintScalePDF16None(),,,,,,,,,,,
,11,C-3-1,,android.transition.cts.ChangeImageTransformTest,testPrintScalePDF16None(),,,,,,,,,,,
,11,C-3-1,,android.transition.cts.TransitionTest,testPrintScalePDF16None(),,,,,,,,,,,
,11,C-3-1,,android.transition.cts.PropagationTest,testPrintScalePDF16None(),,,,,,,,,,,
,11,C-3-1,,android.transition.cts.PatternPathMotionTest,testPrintScalePDF16None(),,,,,,,,,,,
,11,C-3-1,,android.transition.cts.ActivityTransitionTest,testPrintScalePDF16None(),,,,,,,,,,,
,11,C-3-1,,android.transition.cts.SlideEdgeTest,testPrintScalePDF16None(),,,,,,,,,,,
,11,C-3-1,,android.transition.cts.SharedElementCallbackTest,testPrintScalePDF16None(),,,,,,,,,,,
,11,C-3-1,,android.transition.cts.VisibilityTest,testPrintScalePDF16None(),,,,,,,,,,,
,11,C-3-1,,android.transition.cts.FadeTest,endVisibilityIsCorrect(),,,,,,,,,,,
,11,C-3-1,,android.transition.cts.ArcMotionTest,endVisibilityIsCorrect(),,,,,,,,,,,
,11,C-3-1,,android.transition.cts.TransitionManagerTest,endVisibilityIsCorrect(),,,,,,,,,,,
,11,C-3-1,,android.transition.cts.SlideBadEdgeTest,endVisibilityIsCorrect(),,,,,,,,,,,
,11,C-3-1,,android.transition.cts.ChangeBoundsTest,endVisibilityIsCorrect(),,,,,,,,,,,
,11,C-3-1,,android.transition.cts.ExplodeTest,endVisibilityIsCorrect(),,,,,,,,,,,
,11,C-3-1,,android.transition.cts.SceneTest,endVisibilityIsCorrect(),,,,,,,,,,,
,11,C-3-1,,android.transition.cts.ChangeTransformTest,endVisibilityIsCorrect(),,,,,,,,,,,
,11,C-3-1,,android.transition.cts.TransitionSetTest,endVisibilityIsCorrect(),,,,,,,,,,,
,11,C-3-1,,android.transition.cts.TransitionInflaterTest,endVisibilityIsCorrect(),,,,,,,,,,,
,11,C-3-1,,android.systemintents.cts.TestManageOverlayPermissionIntents,endVisibilityIsCorrect(),,,,,,,,,,,
,11,C-3-1,,android.soundtrigger.cts.SoundTriggerTest,endVisibilityIsCorrect(),,,,,,,,,,,
,11,C-3-1,,android.security.identity.cts.IdentityApiTest,endVisibilityIsCorrect(),,,,,,,,,,,
,11,C-3-1,,android.security.identity.cts.ProvisioningTest,endVisibilityIsCorrect(),,,,,,,,,,,
,11,C-3-1,,android.security.identity.cts.ReaderAuthTest,endVisibilityIsCorrect(),,,,,,,,,,,
,11,C-3-1,,android.security.identity.cts.DynamicAuthTest,dynamicAuthTest(),,,,,,,,,,,
,11,C-3-1,,android.security.identity.cts.CreateItemsRequestTest,dynamicAuthTest(),,,,,,,,,,,
,11,C-3-1,,android.security.identity.cts.UtilUnitTests,coseMac0DetachedContent(),,,,,,,,,,,
,11,C-3-1,,android.security.identity.cts.UserAuthTest,testUserAuth(),,,,,,,,,,,
,11,C-3-1,,android.security.identity.cts.HkdfTest,testVectors(),,,,,,,,,,,
,11,C-3-1,,android.widget.cts29.ToastTest,testAccessDuration_withA11yTimeoutEnabled(),,,,,,,,,,,
,11,C-3-1,,android.permission2.cts.RestrictedStoragePermissionSharedUidTest,testAccessDuration_withA11yTimeoutEnabled(),,,,,,,,,,,
,11,C-3-1,,android.permission2.cts.RestrictedStoragePermissionTest,testAccessDuration_withA11yTimeoutEnabled(),,,,,,,,,,,
,11,C-3-1,,android.permission2.cts.PermissionPolicyTest,getInstrumentation(),,,,,,,,,,,
,11,C-3-1,,android.permission2.cts.PrivappPermissionsTest,getInstrumentation(),,,,,,,,,,,
,11,C-3-1,,android.permission2.cts.RestrictedPermissionsTest,getInstrumentation(),,,,,,,,,,,
,11,C-3-1,,android.uirendering.cts.testclasses.ViewClippingTests,getInstrumentation(),,,,,,,,,,,
,11,C-3-1,,android.uirendering.cts.testclasses.CanvasStateTests,getInstrumentation(),,,,,,,,,,,
,11,C-3-1,,android.uirendering.cts.testclasses.ViewAnimationUtilsTests,getInstrumentation(),,,,,,,,,,,
,11,C-3-1,,android.uirendering.cts.testclasses.PictureTest,getInstrumentation(),,,,,,,,,,,
,11,C-3-1,,android.uirendering.cts.testclasses.PathClippingTests,getInstrumentation(),,,,,,,,,,,
,11,C-3-1,,android.uirendering.cts.testclasses.AutofillHighlightTests,getInstrumentation(),,,,,,,,,,,
,11,C-3-1,,android.uirendering.cts.testclasses.LayerTests,getInstrumentation(),,,,,,,,,,,
,11,C-3-1,,android.uirendering.cts.testclasses.ColorFilterTests,getInstrumentation(),,,,,,,,,,,
,11,C-3-1,,android.uirendering.cts.testclasses.ForceDarkTests,getInstrumentation(),,,,,,,,,,,
,11,C-3-1,,android.uirendering.cts.testclasses.FontRenderingTests,getInstrumentation(),,,,,,,,,,,
,11,C-3-1,,android.uirendering.cts.testclasses.GradientTests,getInstrumentation(),,,,,,,,,,,
,11,C-3-1,,android.uirendering.cts.testclasses.HardwareBitmapTests,getInstrumentation(),,,,,,,,,,,
,11,C-3-1,,android.uirendering.cts.testclasses.BlendModeTest,getInstrumentation(),,,,,,,,,,,
,11,C-3-1,,android.uirendering.cts.testclasses.ShaderTests,getInstrumentation(),,,,,,,,,,,
,11,C-3-1,,android.uirendering.cts.testclasses.BitmapTests,getInstrumentation(),,,,,,,,,,,
,11,C-3-1,,android.uirendering.cts.testclasses.WideColorGamutTests,getInstrumentation(),,,,,,,,,,,
,11,C-3-1,,android.uirendering.cts.testclasses.ColorSpaceTests,getInstrumentation(),,,,,,,,,,,
,11,C-3-1,,android.uirendering.cts.testclasses.VectorDrawableTests,getInstrumentation(),,,,,,,,,,,
,11,C-3-1,,android.uirendering.cts.testclasses.EdgeEffectTests,getInstrumentation(),,,,,,,,,,,
,11,C-3-1,,android.uirendering.cts.testclasses.VectorDrawableScaleTest,getInstrumentation(),,,,,,,,,,,
,11,C-3-1,,android.uirendering.cts.testclasses.RenderNodeTests,getInstrumentation(),,,,,,,,,,,
,11,C-3-1,,android.uirendering.cts.testclasses.ViewFadingEdgeTests,getInstrumentation(),,,,,,,,,,,
,11,C-3-1,,android.uirendering.cts.testclasses.BlendModeColorFilterTest,getInstrumentation(),,,,,,,,,,,
,11,C-3-1,,android.uirendering.cts.testclasses.LayoutTests,getInstrumentation(),,,,,,,,,,,
,11,C-3-1,,android.uirendering.cts.testclasses.BitmapBlendModeTest,getInstrumentation(),,,,,,,,,,,
,11,C-3-1,,android.uirendering.cts.testclasses.BitmapFilterTests,getInstrumentation(),,,,,,,,,,,
,11,C-3-1,,android.uirendering.cts.testclasses.SweepTests,getInstrumentation(),,,,,,,,,,,
,11,C-3-1,,android.uirendering.cts.testclasses.ShapeTests,getInstrumentation(),,,,,,,,,,,
,11,C-3-1,,android.uirendering.cts.testclasses.AlphaBlendTest,getInstrumentation(),,,,,,,,,,,
,11,C-3-1,,android.uirendering.cts.testclasses.Rgba16fTests,getInstrumentation(),,,,,,,,,,,
,11,C-3-1,,android.uirendering.cts.testclasses.InfrastructureTests,getInstrumentation(),,,,,,,,,,,
,11,C-3-1,,android.uirendering.cts.testclasses.SurfaceViewTests,getInstrumentation(),,,,,,,,,,,
,11,C-3-1,,android.uirendering.cts.testclasses.ViewPropertyAnimatorTests,testViewRotationXBy(),,,,,,,,,,,
,11,C-3-1,,android.uirendering.cts.testclasses.ShadowTests,testViewRotationXBy(),,,,,,,,,,,
,11,C-3-1,,android.uirendering.cts.testclasses.TextureViewTests,testViewRotationXBy(),,,,,,,,,,,
,11,C-3-1,,android.uirendering.cts.testclasses.ExactCanvasTests,testViewRotationXBy(),,,,,,,,,,,
,11,C-3-1,,android.uirendering.cts.testclasses.PathTests,testViewRotationXBy(),,,,,,,,,,,
,11,C-3-1,,android.uirendering.cts.testclasses.CanvasTests,testViewRotationXBy(),,,,,,,,,,,
,11,C-3-1,,android.tethering.cts.TetheringManagerTest,testViewRotationXBy(),,,,,,,,,,,
,11,C-3-1,,android.jvmti.attaching.cts.AttachingTest,testViewRotationXBy(),,,,,,,,,,,
,11,C-3-1,,android.os.cts.VibrationEffectTest,testViewRotationXBy(),,,,,,,,,,,
,11,C-3-1,,android.os.cts.RequiredComponentsTest,testViewRotationXBy(),,,,,,,,,,,
,11,C-3-1,,android.os.cts.PowerManager_ThermalTest,testViewRotationXBy(),,,,,,,,,,,
,11,C-3-1,,android.os.cts.ParcelFileDescriptorTest,testViewRotationXBy(),,,,,,,,,,,
,11,C-3-1,,android.os.cts.VibratorTest,testViewRotationXBy(),,,,,,,,,,,
,11,C-3-1,,android.os.cts.LimitExceededExceptionTest,testViewRotationXBy(),,,,,,,,,,,
,11,C-3-1,,android.os.cts.HwBinderTest,testViewRotationXBy(),,,,,,,,,,,
,11,C-3-1,,android.os.cts.HidlMemoryTest,testViewRotationXBy(),,,,,,,,,,,
,11,C-3-1,,android.os.cts.SystemConfigTest,testViewRotationXBy(),,,,,,,,,,,
,11,C-3-1,,android.os.cts.SharedMemoryTest,testViewRotationXBy(),,,,,,,,,,,
,11,C-3-1,,android.os.cts.StrictModeTest,testViewRotationXBy(),,,,,,,,,,,
,11,C-3-1,,android.os.cts.VibrationAttributesTest,testViewRotationXBy(),,,,,,,,,,,
,11,C-3-1,,android.os.storage.cts.CrateInfoTest,testViewRotationXBy(),,,,,,,,,,,
,11,C-3-1,,android.os.storage.cts.StorageStatsManagerTest,testViewRotationXBy(),,,,,,,,,,,
,11,C-3-1,,android.os.storage.cts.StorageCrateTest,testViewRotationXBy(),,,,,,,,,,,
,11,C-3-1,,android.content.type.cts.MimeMapTest,bug112162449_image(),,,,,,,,,,,
,11,C-3-1,,android.database.cts.CursorWindowTest,testAccessDataValues(),,,,,,,,,,,
,11,C-3-1,,android.database.sqlite.cts.SQLiteQueryBuilderTest,testAccessDataValues(),,,,,,,,,,,
,11,C-3-1,,android.print.cts.PrintJobTest,testAccessDataValues(),,,,,,,,,,,
,11,C-3-1,,android.print.cts.PrintAttributesTest,testAccessDataValues(),,,,,,,,,,,
,11,C-3-1,,android.print.cts.CustomPrintOptionsTest,testAccessDataValues(),,,,,,,,,,,
,11,C-3-1,,android.print.cts.PrintDocumentAdapterContractTest,testAccessDataValues(),,,,,,,,,,,
,11,C-3-1,,android.print.cts.PrinterCapabilitiesTest,testAccessDataValues(),,,,,,,,,,,
,11,C-3-1,,android.print.cts.InstallBehavior,testAccessDataValues(),,,,,,,,,,,
,11,C-3-1,,android.print.cts.ClassParametersTest,testAccessDataValues(),,,,,,,,,,,
,11,C-3-1,,android.print.cts.PrintDocumentInfoTest,testAccessDataValues(),,,,,,,,,,,
,11,C-3-1,,android.print.cts.PrinterCapabilitiesChangeTest,testAccessDataValues(),,,,,,,,,,,
,11,C-3-1,,android.print.cts.PrintServicesTest,testAccessDataValues(),,,,,,,,,,,
,11,C-3-1,,android.print.cts.InterfaceForAppsTest,testAccessDataValues(),,,,,,,,,,,
,11,C-3-1,,android.print.cts.PageRangeAdjustmentTest,testAccessDataValues(),,,,,,,,,,,
,11,C-3-1,,android.print.cts.PrinterDiscoverySessionLifecycleTest,testAccessDataValues(),,,,,,,,,,,
,11,C-3-1,,android.print.pdf.cts.PrintedPdfDocumentTest,testAccessDataValues(),,,,,,,,,,,
,11,C-3-1,,android.omapi.accesscontrol2.cts.AccessControlTest,testAccessDataValues(),,,,,,,,,,,
,11,C-3-1,,android.omapi.accesscontrol3.cts.AccessControlTest,testAccessDataValues(),,,,,,,,,,,
,11,C-3-1,,android.omapi.accesscontrol1.cts.AccessControlTest,testAccessDataValues(),,,,,,,,,,,
,11,C-3-1,,android.omapi.cts.OmapiTest,testAccessDataValues(),,,,,,,,,,,
,11,C-3-1,,android.processor.view.inspector.cts.PlatformInspectableProcessorTest,testAccessDataValues(),,,,,,,,,,,
,11,C-3-1,,android.app.cts.backgroundrestrictions.BroadcastsTest,testAccessDataValues(),,,,,,,,,,,
,11,C-3-1,,android.net.eap.cts.EapSessionConfigTest,testAccessDataValues(),,,,,,,,,,,
,11,C-3-1,,android.net.ipsec.ike.cts.IkeSessionPskTest,testIkeAuthHandlesFirstChildCreationFail(),,,,,,,,,,,
,11,C-3-1,,android.net.ipsec.ike.cts.SaProposalTest,testIkeAuthHandlesFirstChildCreationFail(),,,,,,,,,,,
,11,C-3-1,,android.net.ipsec.ike.cts.IkeSessionRekeyTest,testRekeyTransportModeChildSa(),,,,,,,,,,,
,11,C-3-1,,android.net.ipsec.ike.cts.IkeIdentificationTest,testRekeyTransportModeChildSa(),,,,,,,,,,,
,11,C-3-1,,android.net.ipsec.ike.cts.IkeSessionParamsTest,testRekeyTransportModeChildSa(),,,,,,,,,,,
,11,C-3-1,,android.net.ipsec.ike.cts.ChildSessionParamsTest,testRekeyTransportModeChildSa(),,,,,,,,,,,
,11,C-3-1,,android.net.ipsec.ike.cts.IkeSessionMschapV2Test,Builder(),,,,,,,,,,,
,11,C-3-1,,android.net.cts.NetworkRequestTest,Builder(),,,,,,,,,,,
,11,C-3-1,,android.net.cts.RssiCurveTest,lookupScore_linearCurve(),,,,,,,,,,,
,11,C-3-1,,android.net.cts.IpSecManagerTunnelTest,lookupScore_linearCurve(),,,,,,,,,,,
,11,C-3-1,,android.net.cts.IpConfigurationTest,lookupScore_linearCurve(),,,,,,,,,,,
,11,C-3-1,,android.net.cts.ConnectivityDiagnosticsManagerTest,lookupScore_linearCurve(),,,,,,,,,,,
,11,C-3-1,,android.net.cts.SSLCertificateSocketFactoryTest,lookupScore_linearCurve(),,,,,,,,,,,
,11,C-3-1,,android.net.cts.IpSecManagerTest,lookupScore_linearCurve(),,,,,,,,,,,
,11,C-3-1,,android.net.cts.InetAddressesTest,lookupScore_linearCurve(),,,,,,,,,,,
,11,C-3-1,,android.net.cts.ProxyInfoTest,lookupScore_linearCurve(),,,,,,,,,,,
,11,C-3-1,,android.net.cts.Ikev2VpnTest,getSimpleName(),,,,,,,,,,,
,11,C-3-1,,android.net.cts.UrlQuerySanitizerTest,getSimpleName(),,,,,,,,,,,
,11,C-3-1,,android.net.cts.IpSecBaseTest,getSimpleName(),,,,,,,,,,,
,11,C-3-1,,android.net.cts.ConnectivityManagerTest,getSimpleName(),,,,,,,,,,,
,11,C-3-1,,android.net.cts.MacAddressTest,testMatches(),,,,,,,,,,,
,11,C-3-1,,android.net.cts.NetworkStatsBinderTest,testMatches(),,,,,,,,,,,
,11,C-3-1,,android.nfc.cts.NfcPreferredPaymentTest,supportsHardware(),,,,,,,,,,,
,11,C-3-1,,android.assist.cts.WebViewTest,supportsHardware(),,,,,,,,,,,
,11,C-3-1,,android.assist.cts.ScreenshotTest,supportsHardware(),,,,,,,,,,,
,11,C-3-1,,android.assist.cts.AssistTestBase,supportsHardware(),,,,,,,,,,,
,11,C-3-1,,android.assist.cts.LifecycleTest,supportsHardware(),,,,,,,,,,,
,11,C-3-1,,android.assist.cts.TextViewTest,supportsHardware(),,,,,,,,,,,
,11,C-3-1,,android.assist.cts.DisableContextTest,supportsHardware(),,,,,,,,,,,
,11,C-3-1,,android.assist.cts.FocusChangeTest,supportsHardware(),,,,,,,,,,,
,11,C-3-1,,android.assist.cts.AssistStructureTest,supportsHardware(),,,,,,,,,,,
,11,C-3-1,,android.systemui.cts.LightBarThemeTest,supportsHardware(),,,,,,,,,,,
,11,C-3-1,,android.systemui.cts.WindowInsetsBehaviorTests,supportsHardware(),,,,,,,,,,,
,11,C-3-1,,android.systemui.cts.LightBarTests,supportsHardware(),,,,,,,,,,,
,11,C-3-1,,android.media.cts.MediaProjectionTest,supportsHardware(),,,,,,,,,,,
,11,C-3-1,,android.media.cts.AudioRecordAppOpTest,supportsHardware(),,,,,,,,,,,
,11,C-3-1,,android.media.cts.MediaActivityTest,supportsHardware(),,,,,,,,,,,
,11,C-3-1,,android.media.cts.MediaRouter2Test,supportsHardware(),,,,,,,,,,,
,11,C-3-1,,android.media.cts.DecoderTestXheAac,testDecodeUsacSyncSampleSeekingM4a(),,,,,,,,,,,
,11,C-3-1,,android.media.cts.RouteDiscoveryPreferenceTest,testDecodeUsacSyncSampleSeekingM4a(),,,,,,,,,,,
,11,C-3-1,,android.media.cts.DecodeAccuracyTest,testDecodeUsacSyncSampleSeekingM4a(),,,,,,,,,,,
,11,C-3-1,,android.media.cts.AudioPlaybackCaptureTest,testDecodeUsacSyncSampleSeekingM4a(),,,,,,,,,,,
,11,C-3-1,,android.media.cts.AudioTrackTest,testWriteShort(),,,,,,,,,,,
,11,C-3-1,,android.media.cts.MediaSession2Test,testWriteShort(),,,,,,,,,,,
,11,C-3-1,,android.media.cts.MediaMetricsTest,testBigItem(),,,,,,,,,,,
,11,C-3-1,,android.media.cts.DecoderTestAacDrc,testBigItem(),,,,,,,,,,,
,11,C-3-1,,android.media.cts.MediaSession2ServiceTest,testBigItem(),,,,,,,,,,,
,11,C-3-1,,android.media.cts.AudioRecordTest,testBigItem(),,,,,,,,,,,
,11,C-3-1,,android.media.cts.MediaController2Test,testBigItem(),,,,,,,,,,,
,11,C-3-1,,android.media.cts.RoutingSessionInfoTest,testBigItem(),,,,,,,,,,,
,11,C-3-1,,android.media.cts.AudioSystemTest,testBigItem(),,,,,,,,,,,
,11,C-3-1,,android.media.cts.AudioSystemUsageTest,testBigItem(),,,,,,,,,,,
,11,C-3-1,,android.media.cts.Session2CommandTest,testBigItem(),,,,,,,,,,,
,11,C-3-1,,android.media.cts.MediaDrmTest,testBigItem(),,,,,,,,,,,
,11,C-3-1,,android.media.cts.MediaRoute2ProviderServiceTest,testBigItem(),,,,,,,,,,,
,11,C-3-1,,android.media.cts.ThumbnailUtilsTest,testBigItem(),,,,,,,,,,,
,11,C-3-1,,android.media.cts.DecoderTestAacFormat,testBigItem(),,,,,,,,,,,
,11,C-3-1,,android.media.cts.MediaRoute2InfoTest,testBigItem(),,,,,,,,,,,
,11,C-3-1,,android.media.cts.Session2CommandGroupTest,testBigItem(),,,,,,,,,,,
,11,C-3-1,,android.media.cts.AudioMetadataTest,testVendorKeys(),,,,,,,,,,,
,11,C-3-1,,android.app.role.cts.RoleManagerTest,testVendorKeys(),,,,,,,,,,,
,11,C-3-1,,android.preference.cts.PreferenceActivityFlowLandscapeTest,testVendorKeys(),,,,,,,,,,,
,11,C-3-1,,android.preference.cts.PreferenceActivityFlowPortraitTest,testVendorKeys(),,,,,,,,,,,
,11,C-3-1,,android.preference.cts.PreferenceParentGroupTest,testVendorKeys(),,,,,,,,,,,
,11,C-3-1,,android.preference.cts.PreferenceRecycleTest,testVendorKeys(),,,,,,,,,,,
,11,C-3-1,,android.preference.cts.PreferenceActivityLegacyFlowTest,testVendorKeys(),,,,,,,,,,,
,11,C-3-1,,android.preference.cts.PreferenceDataStoreTest,testVendorKeys(),,,,,,,,,,,
,11,C-3-1,,android.view.cts.sdk28.ViewGroupTest,testVendorKeys(),,,,,,,,,,,
,11,C-3-1,,android.view.cts.ViewTest,testRequestRectangleOnScreen5(),,,,,,,,,,,
,11,C-3-1,,android.view.cts.View_DefaultFocusHighlightTest,testRequestRectangleOnScreen5(),,,,,,,,,,,
,11,C-3-1,,android.view.cts.SurfaceHolder_BadSurfaceTypeExceptionTest,testRequestRectangleOnScreen5(),,,,,,,,,,,
,11,C-3-1,,android.view.cts.ActionModeTest,testRequestRectangleOnScreen5(),,,,,,,,,,,
,11,C-3-1,,android.view.cts.MotionEvent_PointerPropertiesTest,testRequestRectangleOnScreen5(),,,,,,,,,,,
,11,C-3-1,,android.view.cts.ViewOutlineProviderTest,testRequestRectangleOnScreen5(),,,,,,,,,,,
,11,C-3-1,,android.view.cts.TextureViewCameraTest,testRequestRectangleOnScreen5(),,,,,,,,,,,
,11,C-3-1,,android.view.cts.ChoreographerNativeTest,testRequestRectangleOnScreen5(),,,,,,,,,,,
,11,C-3-1,,android.view.cts.SystemGestureExclusionRectsTest,testRequestRectangleOnScreen5(),,,,,,,,,,,
,11,C-3-1,,android.view.cts.MotionEventTest,testAxisFromToString(),,,,,,,,,,,
,11,C-3-1,,android.view.cts.SurfaceViewSyncTest,testEmptySurfaceView(),,,,,,,,,,,
,11,C-3-1,,android.view.cts.ViewGroup_MarginLayoutParamsTest,testEmptySurfaceView(),,,,,,,,,,,
,11,C-3-1,,android.view.cts.ScaleGestureDetectorTest,testEmptySurfaceView(),,,,,,,,,,,
,11,C-3-1,,android.view.cts.MenuInflaterTest,testEmptySurfaceView(),,,,,,,,,,,
,11,C-3-1,,android.view.cts.MenuTest,testEmptySurfaceView(),,,,,,,,,,,
,11,C-3-1,,android.view.cts.ViewAttributeTest,testEmptySurfaceView(),,,,,,,,,,,
,11,C-3-1,,android.view.cts.View_AnimationTest,testEmptySurfaceView(),,,,,,,,,,,
,11,C-3-1,,android.view.cts.OrientationListenerTest,testEmptySurfaceView(),,,,,,,,,,,
,11,C-3-1,,android.view.cts.ViewStubTest,testEmptySurfaceView(),,,,,,,,,,,
,11,C-3-1,,android.view.cts.ViewGroupChildDrawingOrderTest,testEmptySurfaceView(),,,,,,,,,,,
,11,C-3-1,,android.view.cts.SoundEffectConstantsTest,testEmptySurfaceView(),,,,,,,,,,,
,11,C-3-1,,android.view.cts.ContextThemeWrapperTest,testEmptySurfaceView(),,,,,,,,,,,
,11,C-3-1,,android.view.cts.ViewGroupOverlayTest,testEmptySurfaceView(),,,,,,,,,,,
,11,C-3-1,,android.view.cts.TouchDelegateTest,testOnTouchExplorationHoverEvent_whenA11yEbtDisabled_receiveNoEvent(),,,,,,,,,,,
,11,C-3-1,,android.view.cts.ViewAnimationMatrixTest,testOnTouchExplorationHoverEvent_whenA11yEbtDisabled_receiveNoEvent(),,,,,,,,,,,
,11,C-3-1,,android.view.cts.View_UsingViewsTest,testOnTouchExplorationHoverEvent_whenA11yEbtDisabled_receiveNoEvent(),,,,,,,,,,,
,11,C-3-1,,android.view.cts.HoverTest,testParentInteraction(),,,,,,,,,,,
,11,C-3-1,,android.view.cts.ViewDebugTest,testParentInteraction(),,,,,,,,,,,
,11,C-3-1,,android.view.cts.KeyboardShortcutGroupTest,testParentInteraction(),,,,,,,,,,,
,11,C-3-1,,android.view.cts.View_InitialFocusTest,testParentInteraction(),,,,,,,,,,,
,11,C-3-1,,android.view.cts.KeyCharacterMapTest,testIsPrintingKey(),,,,,,,,,,,
,11,C-3-1,,android.view.cts.Surface_OutOfResourcesExceptionTest,testIsPrintingKey(),,,,,,,,,,,
,11,C-3-1,,android.view.cts.AbsSavedStateTest,testIsPrintingKey(),,,,,,,,,,,
,11,C-3-1,,android.view.cts.LayoutInflaterTest,testIsPrintingKey(),,,,,,,,,,,
,11,C-3-1,,android.view.cts.View_BaseSavedStateTest,testIsPrintingKey(),,,,,,,,,,,
,11,C-3-1,,android.view.cts.ViewTreeObserverTest,testIsPrintingKey(),,,,,,,,,,,
,11,C-3-1,,android.view.cts.VerifyInputEventTest,testIsPrintingKey(),,,,,,,,,,,
,11,C-3-1,,android.view.cts.ViewUnbufferedTest,testIsPrintingKey(),,,,,,,,,,,
,11,C-3-1,,android.view.cts.ViewGroupTest,testDispatchInsets_doesntAffectParentSiblings(),,,,,,,,,,,
,11,C-3-1,,android.view.cts.FocusFinderTest,testDispatchInsets_doesntAffectParentSiblings(),,,,,,,,,,,
,11,C-3-1,,android.view.cts.View_FocusHandlingTest,testDispatchInsets_doesntAffectParentSiblings(),,,,,,,,,,,
,11,C-3-1,,android.view.cts.SearchEventTest,testDispatchInsets_doesntAffectParentSiblings(),,,,,,,,,,,
,11,C-3-1,,android.view.cts.KeyboardShortcutInfoTest,testDispatchInsets_doesntAffectParentSiblings(),,,,,,,,,,,
,11,C-3-1,,android.view.cts.InflateExceptionTest,testDispatchInsets_doesntAffectParentSiblings(),,,,,,,,,,,
,11,C-3-1,,android.view.cts.ASurfaceControlTest,testSurfaceTransaction_zOrderMultipleSurfacesWithParent(),,,,,,,,,,,
,11,C-3-1,,android.view.cts.OrientationEventListenerTest,testSurfaceTransaction_zOrderMultipleSurfacesWithParent(),,,,,,,,,,,
,11,C-3-1,,android.view.cts.PointerCaptureTest,testEventDispatch(),,,,,,,,,,,
,11,C-3-1,,android.view.cts.ChoreographerTest,testEventDispatch(),,,,,,,,,,,
,11,C-3-1,,android.view.cts.TextureViewTest,testEventDispatch(),,,,,,,,,,,
,11,C-3-1,,android.view.cts.View_IdsTest,testIds(),,,,,,,,,,,
,11,C-3-1,,android.view.cts.FrameMetricsListenerTest,testIds(),,,,,,,,,,,
,11,C-3-1,,android.view.cts.PixelCopyTest,testIds(),,,,,,,,,,,
,11,C-3-1,,android.view.cts.ViewConfigurationTest,testIds(),,,,,,,,,,,
,11,C-3-1,,android.view.cts.ViewOverlayTest,testIds(),,,,,,,,,,,
,11,C-3-1,,android.view.cts.ViewPaddingTest,testPadding(),,,,,,,,,,,
,11,C-3-1,,android.view.cts.View_MeasureSpecTest,testPadding(),,,,,,,,,,,
,11,C-3-1,,android.view.cts.GestureDetectorTest,testPadding(),,,,,,,,,,,
,11,C-3-1,,android.view.cts.VelocityTrackerTest,testPadding(),,,,,,,,,,,
,11,C-3-1,,android.view.cts.PrecompiledLayoutTest,testPadding(),,,,,,,,,,,
,11,C-3-1,,android.view.cts.KeyEventInjectionTest,testPadding(),,,,,,,,,,,
,11,C-3-1,,android.view.cts.GravityTest,testPadding(),,,,,,,,,,,
,11,C-3-1,,android.view.cts.KeyEventTest,testPadding(),,,,,,,,,,,
,11,C-3-1,,android.view.cts.KeyEventInterceptTest,testPadding(),,,,,,,,,,,
,11,C-3-1,,android.view.cts.InputDeviceEnabledTest,testPadding(),,,,,,,,,,,
,11,C-3-1,,android.view.cts.View_DragShadowBuilderTest,testPadding(),,,,,,,,,,,
,11,C-3-1,,android.view.cts.ViewGroup_LayoutParamsTest,testPadding(),,,,,,,,,,,
,11,C-3-1,,android.view.cts.ActionModeCallback2Test,testPadding(),,,,,,,,,,,
,11,C-3-1,,android.view.cts.MotionEvent_PointerCoordsTest,testPadding(),,,,,,,,,,,
,11,C-3-1,,android.view.cts.ContentPaneFocusTest,testPadding(),,,,,,,,,,,
,11,C-3-1,,android.view.cts.ViewSourceLayoutTest,testPadding(),,,,,,,,,,,
,11,C-3-1,,android.view.cts.TooltipTest,testPadding(),,,,,,,,,,,
,11,C-3-1,,android.view.cts.View_LayoutPositionTest,testPadding(),,,,,,,,,,,
,11,C-3-1,,android.view.animation.cts.TranslateAnimationTest,testPadding(),,,,,,,,,,,
,11,C-3-1,,android.view.animation.cts.AnimationUtilsTest,testPadding(),,,,,,,,,,,
,11,C-3-1,,android.view.animation.cts.AccelerateInterpolatorTest,testPadding(),,,,,,,,,,,
,11,C-3-1,,android.view.animation.cts.AccelerateDecelerateInterpolatorTest,testPadding(),,,,,,,,,,,
,11,C-3-1,,android.view.animation.cts.GridLayoutAnimationControllerTest,testPadding(),,,,,,,,,,,
,11,C-3-1,,android.view.animation.cts.ScaleAnimationTest,testPadding(),,,,,,,,,,,
,11,C-3-1,,android.view.animation.cts.AnimationSetTest,testPadding(),,,,,,,,,,,
,11,C-3-1,,android.view.animation.cts.AnimatorInflaterTest,testPadding(),,,,,,,,,,,
,11,C-3-1,,android.view.animation.cts.CycleInterpolatorTest,testCycleInterpolator(),,,,,,,,,,,
,11,C-3-1,,android.view.animation.cts.AlphaAnimationTest,testCycleInterpolator(),,,,,,,,,,,
,11,C-3-1,,android.view.animation.cts.LinearInterpolatorTest,testCycleInterpolator(),,,,,,,,,,,
,11,C-3-1,,android.view.animation.cts.DecelerateInterpolatorTest,testCycleInterpolator(),,,,,,,,,,,
,11,C-3-1,,android.view.animation.cts.AnimationTest,testAccessInterpolator(),,,,,,,,,,,
,11,C-3-1,,android.view.animation.cts.LayoutAnimationControllerTest,testAccessInterpolator(),,,,,,,,,,,
,11,C-3-1,,android.view.animation.cts.RotateAnimationTest,testAccessInterpolator(),,,,,,,,,,,
,11,C-3-1,,android.view.animation.cts.TransformationTest,testAccessInterpolator(),,,,,,,,,,,
,11,C-3-1,,android.view.inspector.cts.WindowInspectorTest,testAccessInterpolator(),,,,,,,,,,,
,11,C-3-1,,android.view.inspector.cts.StaticInspectionCompanionProviderTest,testAccessInterpolator(),,,,,,,,,,,
,11,C-3-1,,android.view.inspector.cts.IntFlagMappingTest,testAccessInterpolator(),,,,,,,,,,,
,11,C-3-1,,android.net.cts.network.permission.UpdateStatsPermissionTest,testAccessInterpolator(),,,,,,,,,,,
,11,C-3-1,,android.net.cts.network.permission.InternetPermissionTest,testAccessInterpolator(),,,,,,,,,,,
,11,C-3-1,,android.telephony.sdk28.cts.PhoneStateListenerTest,testAccessInterpolator(),,,,,,,,,,,
,11,C-3-1,,android.telephony.cts.PhoneStateListenerTest,Object(),,,,,,,,,,,
,11,C-3-1,,android.telephony.cts.SmsManagerTest,Object(),,,,,,,,,,,
,11,C-3-1,,android.telephony.cts.CellIdentityTest,Object(),,,,,,,,,,,
,11,C-3-1,,android.telephony.cts.SipProfileTest,Object(),,,,,,,,,,,
,11,C-3-1,,android.telephony.cts.SmsCbCmasInfoTest,Object(),,,,,,,,,,,
,11,C-3-1,,android.telephony.cts.TelephonyRegistryManagerTest,Object(),,,,,,,,,,,
,11,C-3-1,,android.telephony.cts.MmsTest,Object(),,,,,,,,,,,
,11,C-3-1,,android.telephony.cts.ServiceStateTest,Object(),,,,,,,,,,,
,11,C-3-1,,android.telephony.cts.CellBroadcastDataMigrationTest,Object(),,,,,,,,,,,
,11,C-3-1,,android.telephony.cts.SignalStrengthTest,Object(),,,,,,,,,,,
,11,C-3-1,,android.telephony.cts.TelephonyLocationTests,Object(),,,,,,,,,,,
,11,C-3-1,,android.telephony.cts.ApnSettingTest,Object(),,,,,,,,,,,
,11,C-3-1,,android.telephony.cts.CbGeoUtilsTest,Object(),,,,,,,,,,,
,11,C-3-1,,android.telephony.cts.CellBroadcastServiceTest,Object(),,,,,,,,,,,
,11,C-3-1,,android.telephony.cts.CellInfoTest,testCellInfo(),,,,,,,,,,,
,11,C-3-1,,android.telephony.cts.SmsCbLocationTest,testCellInfo(),,,,,,,,,,,
,11,C-3-1,,android.telephony.cts.VisualVoicemailServiceTest,testCellInfo(),,,,,,,,,,,
,11,C-3-1,,android.telephony.cts.SmsMessageTest,testGetSubmitPduEncodedMessage(),,,,,,,,,,,
,11,C-3-1,,android.telephony.cts.CellSignalStrengthTest,testGetSubmitPduEncodedMessage(),,,,,,,,,,,
,11,C-3-1,,android.telephony.cts.TelephonyDisplayInfoTest,testGetSubmitPduEncodedMessage(),,,,,,,,,,,
,11,C-3-1,,android.telephony.cts.NetworkRegistrationInfoTest,testGetSubmitPduEncodedMessage(),,,,,,,,,,,
,11,C-3-1,,android.telephony.cts.SmsUsageMonitorShortCodeTest,setUp(),,,,,,,,,,,
,11,C-3-1,,android.telephony.cts.DataCallResponseTest,,,,,,,,,,,,
,11,C-3-1,,android.telephony.cts.TelephonyManagerTest,testIsPotentialEmergencyNumber(),,,,,,,,,,,
,11,C-3-1,,android.telephony.cts.SmsCbMessageTest,testCreateFromCursor(),,,,,,,,,,,
,11,C-3-1,,android.telephony.cts.DataProfileTest,testCreateFromCursor(),,,,,,,,,,,
,11,C-3-1,,android.telephony.cts.ImsiEncryptionInfoTest,testCreateFromCursor(),,,,,,,,,,,
,11,C-3-1,,android.telephony.cts.SubscriptionManagerTest,testSubscriptionPlansUnmetered(),,,,,,,,,,,
,11,C-3-1,,android.telephony.cts.RadioAccessSpecifierTest,testSubscriptionPlansUnmetered(),,,,,,,,,,,
,11,C-3-1,,android.telephony.cts.PhoneNumberUtilsTest,testFormatNumberToE164(),,,,,,,,,,,
,11,C-3-1,,android.telephony.cts.CarrierConfigManagerTest,testFormatNumberToE164(),,,,,,,,,,,
,11,C-3-1,,android.telephony.cts.SmsCbEtwsInfoTest,testFormatNumberToE164(),,,,,,,,,,,
,11,C-3-1,,android.telephony.ims.cts.ImsMmTelManagerTest,testFormatNumberToE164(),,,,,,,,,,,
,11,C-3-1,,android.telephony.ims.cts.ImsReasonInfoTest,testFormatNumberToE164(),,,,,,,,,,,
,11,C-3-1,,android.telephony.ims.cts.ImsServiceTest,testFormatNumberToE164(),,,,,,,,,,,
,11,C-3-1,,android.telephony.ims.cts.RcsUceAdapterTest,testFormatNumberToE164(),,,,,,,,,,,
,11,C-3-1,,android.telephony.ims.cts.ImsExceptionTest,testFormatNumberToE164(),,,,,,,,,,,
,11,C-3-1,,android.telephony.ims.cts.ImsCallProfileTest,testFormatNumberToE164(),,,,,,,,,,,
,11,C-3-1,,android.telephony.ims.cts.ImsStreamMediaProfileTest,testFormatNumberToE164(),,,,,,,,,,,
,11,C-3-1,,android.telephony.ims.cts.ImsSsDataTest,testFormatNumberToE164(),,,,,,,,,,,
,11,C-3-1,,android.telephony.ims.cts.ImsSsInfoTest,testFormatNumberToE164(),,,,,,,,,,,
,11,C-3-1,,android.telephony.euicc.cts.DownloadableSubscriptionTest,testFormatNumberToE164(),,,,,,,,,,,
,11,C-3-1,,android.telephony.euicc.cts.EuiccProfileInfoTest,testFormatNumberToE164(),,,,,,,,,,,
,11,C-3-1,,android.telephony.euicc.cts.GetEuiccProfileInfoListResultTest,testFormatNumberToE164(),,,,,,,,,,,
,11,C-3-1,,android.telephony.euicc.cts.EuiccInfoTest,testFormatNumberToE164(),,,,,,,,,,,
,11,C-3-1,,android.telephony.euicc.cts.EuiccManagerTest,testErrorCode(),,,,,,,,,,,
,11,C-3-1,,android.telephony.euicc.cts.GetDefaultDownloadableSubscriptionListResultTest,testErrorCode(),,,,,,,,,,,
,11,C-3-1,,android.telephony.euicc.cts.EuiccServiceTest,testEncodeSmdxSubjectAndReasonCode(),,,,,,,,,,,
,11,C-3-1,,android.telephony.euicc.cts.GetDownloadableSubscriptionMetadataResultTest,testEncodeSmdxSubjectAndReasonCode(),,,,,,,,,,,
,11,C-3-1,,android.telephony.embms.cts.MbmsStreamingSessionTest,testEncodeSmdxSubjectAndReasonCode(),,,,,,,,,,,
,11,C-3-1,,android.telephony.embms.cts.MbmsStreamingServiceTest,testEncodeSmdxSubjectAndReasonCode(),,,,,,,,,,,
,11,C-3-1,,android.telephony.embms.cts.MbmsDownloadCallbackTest,testEncodeSmdxSubjectAndReasonCode(),,,,,,,,,,,
,11,C-3-1,,android.telephony.embms.cts.ServiceInfoTest,testEncodeSmdxSubjectAndReasonCode(),,,,,,,,,,,
,11,C-3-1,,android.telephony.embms.cts.MbmsDownloadReceiverTest,testEncodeSmdxSubjectAndReasonCode(),,,,,,,,,,,
,11,C-3-1,,android.telephony.embms.cts.MbmsDownloadFlowTest,testEncodeSmdxSubjectAndReasonCode(),,,,,,,,,,,
,11,C-3-1,,android.telephony.embms.cts.DownloadRequestTest,testEncodeSmdxSubjectAndReasonCode(),,,,,,,,,,,
,11,C-3-1,,android.telephony.embms.cts.MbmsGroupCallTest,testGroupCallCallbacks(),,,,,,,,,,,
,11,C-3-1,,android.telephony.embms.cts.MbmsGroupCallSessionTest,testCallbacks(),,,,,,,,,,,
,11,C-3-1,,android.telephony.embms.cts.MbmsDownloadSessionTest,testCallbacks(),,,,,,,,,,,
,11,C-3-1,,android.telephony.cts.telephonypermission.TelephonyManagerReadPhoneStatePermissionTest,testCallbacks(),,,,,,,,,,,
,11,C-3-1,,android.car.cts.CarUxRestrictionsManagerTest,testCallbacks(),,,,,,,,,,,
,11,C-3-1,,android.car.cts.CarBluetoothTest,getAction(),,,,,,,,,,,
,11,C-3-1,,android.car.cts.CarAppFocusManagerTest,getAction(),,,,,,,,,,,
,11,C-3-1,,android.car.cts.CarOccupantZoneManagerTest,getAction(),,,,,,,,,,,
,11,C-3-1,,android.car.cts.ExceptionsTest,getAction(),,,,,,,,,,,
,11,C-3-1,,android.car.cts.CarInfoManagerTest,setUp(),,,,,,,,,,,
,11,C-3-1,,android.car.cts.CarPropertyConfigTest,setUp(),,,,,,,,,,,
,11,C-3-1,,android.car.cts.CarSensorManagerTest,setUp(),,,,,,,,,,,
,11,C-3-1,,android.car.cts.CarPropertyValueTest,setUp(),,,,,,,,,,,
,11,C-3-1,,android.car.cts.CarPropertyManagerTest,setUp(),,,,,,,,,,,
,11,C-3-1,,android.car.cts.CarTest,setUp(),,,,,,,,,,,
,11,C-3-1,,android.car.cts.CarPackageManagerTest,setUp(),,,,,,,,,,,
,11,C-3-1,,android.security.cts.MotionEventTest,setUp(),,,,,,,,,,,
,11,C-3-1,,android.security.cts.BitmapTest,setUp(),,,,,,,,,,,
,11,C-3-1,,android.security.cts.PackageInstallerTest,setUp(),,,,,,,,,,,
,11,C-3-1,,android.security.cts.StagefrightTest,testBug64836894(),,,,,,,,,,,
,11,C-3-1,,android.telephonyprovider.cts.MmsPartTest,testMmsPartDelete_canDeleteById(),,,,,,,,,,,
,11,C-3-1,,android.telephonyprovider.cts.ThreadsTest,testMmsPartDelete_canDeleteById(),,,,,,,,,,,
,11,C-3-1,,android.telephonyprovider.cts.MmsTest,testMmsUpdate_canUpdateReadAndSeenStatus(),,,,,,,,,,,
,11,C-3-1,,android.telephonyprovider.cts.SmsConversationTest,testMmsUpdate_canUpdateReadAndSeenStatus(),,,,,,,,,,,
,11,C-3-1,,android.telephonyprovider.cts.LockedMessageTest,testMmsUpdate_canUpdateReadAndSeenStatus(),,,,,,,,,,,
,11,C-3-1,,android.telephonyprovider.cts.SmsTest,testMmsUpdate_canUpdateReadAndSeenStatus(),,,,,,,,,,,
,11,C-3-1,,android.app.notification.legacy20.cts.LegacyNotificationManager20Test,testMmsUpdate_canUpdateReadAndSeenStatus(),,,,,,,,,,,
,11,C-3-1,,android.app.notification.legacy29.cts.NotificationManager29Test,testMmsUpdate_canUpdateReadAndSeenStatus(),,,,,,,,,,,
,11,C-3-1,,android.app.notification.legacy29.cts.NotificationAssistantServiceTest,testMmsUpdate_canUpdateReadAndSeenStatus(),,,,,,,,,,,
,11,C-3-1,,android.app.notification.legacy.cts.LegacyNotificationManagerTest,testMmsUpdate_canUpdateReadAndSeenStatus(),,,,,,,,,,,
,11,C-3-1,,android.app.notification.legacy.cts.ConditionProviderServiceTest,testMmsUpdate_canUpdateReadAndSeenStatus(),,,,,,,,,,,
,11,C-3-1,,android.os.cts.deviceidle.DeviceIdleTest,testMmsUpdate_canUpdateReadAndSeenStatus(),,,,,,,,,,,
,11,C-3-1,,android.os.cts.batterysaving.ActionChargingTest,testMmsUpdate_canUpdateReadAndSeenStatus(),,,,,,,,,,,
,11,C-3-1,,android.os.cts.batterysaving.BatterySaverBgServiceTest,testMmsUpdate_canUpdateReadAndSeenStatus(),,,,,,,,,,,
,11,C-3-1,,android.os.cts.batterysaving.BatterySaverLocationTest,testMmsUpdate_canUpdateReadAndSeenStatus(),,,,,,,,,,,
,11,C-3-1,,android.os.cts.batterysaving.BatterySaverAlarmTest,testMmsUpdate_canUpdateReadAndSeenStatus(),,,,,,,,,,,
,11,C-3-1,,android.os.cts.batterysaving.BatterySaverTest,testMmsUpdate_canUpdateReadAndSeenStatus(),,,,,,,,,,,
,11,C-3-1,,android.os.cts.powerwhitelist.PowerWhitelistTest,testMmsUpdate_canUpdateReadAndSeenStatus(),,,,,,,,,,,
,11,C-3-1,,android.app.uiautomation.cts.UiAutomationTest,testServiceSupressingA11yServices_a11yServiceStartsWhenFlagsChange(),,,,,,,,,,,
,11,C-3-1,,android.permission.cts.sdk28.RequestLocation,testServiceSupressingA11yServices_a11yServiceStartsWhenFlagsChange(),,,,,,,,,,,
,11,C-3-1,,android.permission.cts.telephony.TelephonyManagerPermissionTest,testServiceSupressingA11yServices_a11yServiceStartsWhenFlagsChange(),,,,,,,,,,,
,11,C-3-1,,android.permission.cts.BackgroundPermissionsTest,testServiceSupressingA11yServices_a11yServiceStartsWhenFlagsChange(),,,,,,,,,,,
,11,C-3-1,,android.permission.cts.NoSdCardWritePermissionTest,testServiceSupressingA11yServices_a11yServiceStartsWhenFlagsChange(),,,,,,,,,,,
,11,C-3-1,,android.permission.cts.RuntimePermissionPresentationInfoTest,testServiceSupressingA11yServices_a11yServiceStartsWhenFlagsChange(),,,,,,,,,,,
,11,C-3-1,,android.permission.cts.RemovePermissionTest,testServiceSupressingA11yServices_a11yServiceStartsWhenFlagsChange(),,,,,,,,,,,
,11,C-3-1,,android.permission.cts.PermissionGroupChange,testServiceSupressingA11yServices_a11yServiceStartsWhenFlagsChange(),,,,,,,,,,,
,11,C-3-1,,android.permission.cts.ActivityPermissionRationaleTest,testServiceSupressingA11yServices_a11yServiceStartsWhenFlagsChange(),,,,,,,,,,,
,11,C-3-1,,android.permission.cts.LocationAccessCheckTest,getSimpleName(),,,,,,,,,,,
,11,C-3-1,,android.permission.cts.FileSystemPermissionTest,getSimpleName(),,,,,,,,,,,
,11,C-3-1,,android.permission.cts.SmsManagerPermissionTest,getSimpleName(),,,,,,,,,,,
,11,C-3-1,,android.permission.cts.ShellPermissionTest,getSimpleName(),,,,,,,,,,,
,11,C-3-1,,android.permission.cts.SharedUidPermissionsTest,getSimpleName(),,,,,,,,,,,
,11,C-3-1,,android.permission.cts.SplitPermissionTest,getSimpleName(),,,,,,,,,,,
,11,C-3-1,,android.permission.cts.PermissionControllerTest,getSimpleName(),,,,,,,,,,,
,11,C-3-1,,android.permission.cts.ServicesInstantAppsCannotAccessTests,getSimpleName(),,,,,,,,,,,
,11,C-3-1,,android.permission.cts.PermissionFlagsTest,getSimpleName(),,,,,,,,,,,
,11,C-3-1,,android.permission.cts.PermissionUpdateListenerTest,getSimpleName(),,,,,,,,,,,
,11,C-3-1,,android.permission.cts.OneTimePermissionTest,getSimpleName(),,,,,,,,,,,
,11,C-3-1,,android.theme.cts.ThemeRebaseTest,getSimpleName(),,,,,,,,,,,
,11,C-3-1,,android.theme.cts.WatchPercentageScreenDimenTest,getSimpleName(),,,,,,,,,,,
,11,C-3-1,,android.animation.cts.EvaluatorTest,getSimpleName(),,,,,,,,,,,
,11,C-3-1,,android.animation.cts.PropertyValuesHolderTest,getSimpleName(),,,,,,,,,,,
,11,C-3-1,,android.animation.cts.AnimatorSetTest,getSimpleName(),,,,,,,,,,,
,11,C-3-1,,android.animation.cts.InterpolatorTest,getSimpleName(),,,,,,,,,,,
,11,C-3-1,,android.animation.cts.LayoutAnimationTest,getSimpleName(),,,,,,,,,,,
,11,C-3-1,,android.animation.cts.AnimatorTest,getSimpleName(),,,,,,,,,,,
,11,C-3-1,,android.animation.cts.CreationTest,testObjectAnimatorPvhKf1(),,,,,,,,,,,
,11,C-3-1,,android.animation.cts.KeyframeTest,testObjectAnimatorPvhKf1(),,,,,,,,,,,
,11,C-3-1,,android.animation.cts.ObjectAnimatorTest,testObjectAnimatorPvhKf1(),,,,,,,,,,,
,11,C-3-1,,android.animation.cts.ValueAnimatorTest,testObjectAnimatorPvhKf1(),,,,,,,,,,,
,11,C-3-1,,android.sharesheet.cts.CtsSharesheetDeviceTest,testObjectAnimatorPvhKf1(),,,,,,,,,,,
,11,C-3-1,,com.android.tests.atomicinstall.AtomicInstallTest,testObjectAnimatorPvhKf1(),,,,,,,,,,,
,11,C-3-1,,android.packageinstaller.tapjacking.cts.TapjackingTest,testObjectAnimatorPvhKf1(),,,,,,,,,,,
,11,C-3-1,,android.content.cts.ContentValuesTest,testPutAll(),,,,,,,,,,,
,11,C-3-1,,android.content.cts.ApexEnvironmentTest,testPutAll(),,,,,,,,,,,
,11,C-3-1,,android.content.cts.LocusIdTest,testPutAll(),,,,,,,,,,,
,11,C-3-1,,android.content.cts.ContentProviderOperationTest,testPutAll(),,,,,,,,,,,
,11,C-3-1,,android.content.cts.ContentProviderResultTest,testPutAll(),,,,,,,,,,,
,11,C-3-1,,android.content.cts.ClipboardManagerTest,testPutAll(),,,,,,,,,,,
,11,C-3-1,,android.content.cts.ContentResolverWrapTest,testPutAll(),,,,,,,,,,,
,11,C-3-1,,android.content.cts.DeferSyncTest,testPutAll(),,,,,,,,,,,
,11,C-3-1,,android.content.cts.ContextAccessTest,testPutAll(),,,,,,,,,,,
,11,C-3-1,,android.content.cts.AccountAccessSameCertTest,testPutAll(),,,,,,,,,,,
,11,C-3-1,,android.content.res.cts.AssetManagerTest,testPutAll(),,,,,,,,,,,
,11,C-3-1,,android.content.res.cts.ConfigTest,testCombinations(),,,,,,,,,,,
,11,C-3-1,,android.content.res.cts.AssetManager_AssetInputStreamTest,testCombinations(),,,,,,,,,,,
,11,C-3-1,,android.content.om.cts.OverlayInfoTest,testCombinations(),,,,,,,,,,,
,11,C-3-1,,android.content.om.cts.OverlayManagerTest,testCombinations(),,,,,,,,,,,
,11,C-3-1,,android.content.pm.cts.InstallSessionTransferTest,testCombinations(),,,,,,,,,,,
,11,C-3-1,,android.content.pm.cts.PackageManagerTest,testCombinations(),,,,,,,,,,,
,11,C-3-1,,android.content.pm.cts.LauncherAppsTest,testCombinations(),,,,,,,,,,,
,11,C-3-1,,android.content.pm.cts.PackageItemInfoIconTest,testCombinations(),,,,,,,,,,,
,11,C-3-1,,android.content.pm.cts.PackageManagerShellCommandTest,testCombinations(),,,,,,,,,,,
,11,C-3-1,,android.content.pm.cts.ApplicationInfoTest,testCombinations(),,,,,,,,,,,
,11,C-3-1,,android.content.pm.cts.InstallSessionParamsUnitTest,testCombinations(),,,,,,,,,,,
,11,C-3-1,,android.content.pm.cts.PackageManagerShellCommandIncrementalTest,testCombinations(),,,,,,,,,,,
,11,C-3-1,,com.android.cts.content.CtsSyncAccountAccessOtherCertTestCases,testAccountAccess_otherCertAsAuthenticatorCanNotSeeAccount(),,,,,,,,,,,
,11,C-3-1,,com.android.tests.securefrpinstall.SecureFrpInstallTest,testAccountAccess_otherCertAsAuthenticatorCanNotSeeAccount(),,,,,,,,,,,
,11,C-3-1,,android.app.usage.cts.UsageStatsTest,testAccountAccess_otherCertAsAuthenticatorCanNotSeeAccount(),,,,,,,,,,,
,11,C-3-1,,android.app.usage.cts.UsageReportingTest,testAccountAccess_otherCertAsAuthenticatorCanNotSeeAccount(),,,,,,,,,,,
,11,C-3-1,,android.packagewatchdog.cts.ExplicitHealthCheckServiceTest,testAccountAccess_otherCertAsAuthenticatorCanNotSeeAccount(),,,,,,,,,,,
,11,C-3-1,,android.gwpasan.cts.GwpAsanServiceTest,testAccountAccess_otherCertAsAuthenticatorCanNotSeeAccount(),,,,,,,,,,,
,11,C-3-1,,android.voicesettings.cts.ZenModeTest,testAccountAccess_otherCertAsAuthenticatorCanNotSeeAccount(),,,,,,,,,,,
,11,C-3-1,,android.voicesettings.cts.BatterySaverModeTest,testAccountAccess_otherCertAsAuthenticatorCanNotSeeAccount(),,,,,,,,,,,
,11,C-3-1,,android.view.textclassifier.cts.TextClassifierEventTest,testAccountAccess_otherCertAsAuthenticatorCanNotSeeAccount(),,,,,,,,,,,
,11,C-3-1,,android.view.textclassifier.cts.TextClassifierValueObjectsTest,testAccountAccess_otherCertAsAuthenticatorCanNotSeeAccount(),,,,,,,,,,,
,11,C-3-1,,android.view.textclassifier.cts.TextClassificationManagerTest,testAccountAccess_otherCertAsAuthenticatorCanNotSeeAccount(),,,,,,,,,,,
,11,C-3-1,,android.view.textclassifier.cts.TextClassifierServiceSwapTest,testAccountAccess_otherCertAsAuthenticatorCanNotSeeAccount(),,,,,,,,,,,
,11,C-3-1,,android.view.textclassifier.cts.TextClassificationSessionIdTest,testAccountAccess_otherCertAsAuthenticatorCanNotSeeAccount(),,,,,,,,,,,
,11,C-3-1,,android.view.textclassifier.cts.ConversationActionsTest,testAccountAccess_otherCertAsAuthenticatorCanNotSeeAccount(),,,,,,,,,,,
,11,C-3-1,,android.view.textclassifier.cts.TextClassifierPolicyTest,testAccountAccess_otherCertAsAuthenticatorCanNotSeeAccount(),,,,,,,,,,,
,11,C-3-1,,android.telephony4.cts.SimRestrictedApisTest,testAccountAccess_otherCertAsAuthenticatorCanNotSeeAccount(),,,,,,,,,,,
,11,C-3-1,,android.colormode.cts.AttributeWideColorModeTest,testAccountAccess_otherCertAsAuthenticatorCanNotSeeAccount(),,,,,,,,,,,
,11,C-3-1,,android.colormode.cts.DefaultColorModeTest,testAccountAccess_otherCertAsAuthenticatorCanNotSeeAccount(),,,,,,,,,,,
,11,C-3-1,,android.hardware.cts.LowRamDeviceTest,testAccountAccess_otherCertAsAuthenticatorCanNotSeeAccount(),,,,,,,,,,,
,11,C-3-1,,android.hardware.cts.HardwareBufferTest,testAccountAccess_otherCertAsAuthenticatorCanNotSeeAccount(),,,,,,,,,,,
,11,C-3-1,,android.hardware.lights.cts.LightsManagerTest,testAccountAccess_otherCertAsAuthenticatorCanNotSeeAccount(),,,,,,,,,,,
,11,C-3-1,,android.hardware.input.cts.tests.MicrosoftSculpttouchTest,testAccountAccess_otherCertAsAuthenticatorCanNotSeeAccount(),,,,,,,,,,,
,11,C-3-1,,android.hardware.input.cts.tests.SonyDualshock4ProBluetoothTest,testAccountAccess_otherCertAsAuthenticatorCanNotSeeAccount(),,,,,,,,,,,
,11,C-3-1,,android.hardware.input.cts.tests.MicrosoftXbox2020Test,testAccountAccess_otherCertAsAuthenticatorCanNotSeeAccount(),,,,,,,,,,,
,11,C-3-1,,android.hardware.input.cts.tests.SonyDualshock4ProUsbTest,testAccountAccess_otherCertAsAuthenticatorCanNotSeeAccount(),,,,,,,,,,,
,11,C-3-1,,android.hardware.input.cts.tests.MicrosoftXboxOneSTest,testAccountAccess_otherCertAsAuthenticatorCanNotSeeAccount(),,,,,,,,,,,
,11,C-3-1,,android.hardware.input.cts.tests.SonyDualshock4UsbTest,testAccountAccess_otherCertAsAuthenticatorCanNotSeeAccount(),,,,,,,,,,,
,11,C-3-1,,android.hardware.input.cts.tests.SonyDualshock3UsbTest,testAccountAccess_otherCertAsAuthenticatorCanNotSeeAccount(),,,,,,,,,,,
,11,C-3-1,,android.hardware.input.cts.tests.NintendoSwitchProTest,testAccountAccess_otherCertAsAuthenticatorCanNotSeeAccount(),,,,,,,,,,,
,11,C-3-1,,android.hardware.input.cts.tests.AsusGamepadTest,testAccountAccess_otherCertAsAuthenticatorCanNotSeeAccount(),,,,,,,,,,,
,11,C-3-1,,android.hardware.input.cts.tests.RazerServalTest,testAccountAccess_otherCertAsAuthenticatorCanNotSeeAccount(),,,,,,,,,,,
,11,C-3-1,,android.hardware.input.cts.tests.SonyDualshock4BluetoothTest,testAccountAccess_otherCertAsAuthenticatorCanNotSeeAccount(),,,,,,,,,,,
,11,C-3-1,,android.hardware.input.cts.tests.SonyDualshock4BluetoothTest,testAccountAccess_otherCertAsAuthenticatorCanNotSeeAccount(),,,,,,,,,,,
,11,C-3-1,,android.telephony2.cts.PhoneNumberTest,testAccountAccess_otherCertAsAuthenticatorCanNotSeeAccount(),,,,,,,,,,,
,11,C-3-1,,android.provider.cts.settings.SettingsTest,testAccountAccess_otherCertAsAuthenticatorCanNotSeeAccount(),,,,,,,,,,,
,11,C-3-1,,android.provider.cts.settings.Settings_SystemTest,testAccountAccess_otherCertAsAuthenticatorCanNotSeeAccount(),,,,,,,,,,,
,11,C-3-1,,android.provider.cts.settings.Settings_SettingNotFoundExceptionTest,testAccountAccess_otherCertAsAuthenticatorCanNotSeeAccount(),,,,,,,,,,,
,11,C-3-1,,android.provider.cts.settings.Settings_NameValueTableTest,testAccountAccess_otherCertAsAuthenticatorCanNotSeeAccount(),,,,,,,,,,,
,11,C-3-1,,android.provider.cts.settings.Settings_SecureTest,testAccountAccess_otherCertAsAuthenticatorCanNotSeeAccount(),,,,,,,,,,,
,11,C-3-1,,android.provider.cts.SettingsPanelTest,testAccountAccess_otherCertAsAuthenticatorCanNotSeeAccount(),,,,,,,,,,,
,11,C-3-1,,android.provider.cts.FontsContractTest,testAccountAccess_otherCertAsAuthenticatorCanNotSeeAccount(),,,,,,,,,,,
,11,C-3-1,,android.provider.cts.SearchIndexableResourceTest,testAccountAccess_otherCertAsAuthenticatorCanNotSeeAccount(),,,,,,,,,,,
,11,C-3-1,,android.provider.cts.media.MediaStore_FilesTest,testAccountAccess_otherCertAsAuthenticatorCanNotSeeAccount(),,,,,,,,,,,
,11,C-3-1,,android.provider.cts.media.MediaStore_Audio_AlbumsTest,testAccountAccess_otherCertAsAuthenticatorCanNotSeeAccount(),,,,,,,,,,,
,11,C-3-1,,android.provider.cts.media.MediaStore_DownloadsTest,testAccountAccess_otherCertAsAuthenticatorCanNotSeeAccount(),,,,,,,,,,,
,11,C-3-1,,android.provider.cts.media.MediaStorePendingTest,testAccountAccess_otherCertAsAuthenticatorCanNotSeeAccount(),,,,,,,,,,,
,11,C-3-1,,android.provider.cts.media.MediaStore_Audio_MediaTest,testTrack(),,,,,,,,,,,
,11,C-3-1,,android.provider.cts.media.MediaStoreTest,testTrack(),,,,,,,,,,,
,11,C-3-1,,android.provider.cts.media.MediaStoreTrashedTest,testTrack(),,,,,,,,,,,
,11,C-3-1,,android.provider.cts.media.MediaStore_Audio_ArtistsTest,testTrack(),,,,,,,,,,,
,11,C-3-1,,android.provider.cts.media.MediaStoreIntentsTest,testTrack(),,,,,,,,,,,
,11,C-3-1,,android.provider.cts.media.MediaStore_Audio_Playlists_MembersTest,testTrack(),,,,,,,,,,,
,11,C-3-1,,android.provider.cts.media.MediaStore_Audio_Artists_AlbumsTest,testTrack(),,,,,,,,,,,
,11,C-3-1,,android.provider.cts.media.MediaStoreMatchTest,testTrack(),,,,,,,,,,,
,11,C-3-1,,android.provider.cts.media.MediaStore_Images_MediaTest,testTrack(),,,,,,,,,,,
,11,C-3-1,,android.provider.cts.media.MediaStore_AudioTest,testTrack(),,,,,,,,,,,
,11,C-3-1,,android.provider.cts.media.MediaStorePlacementTest,testTrack(),,,,,,,,,,,
,11,C-3-1,,android.provider.cts.media.MediaStore_Video_MediaTest,testMetadata(),,,,,,,,,,,
,11,C-3-1,,android.provider.cts.media.MediaStoreNotificationTest,testMetadata(),,,,,,,,,,,
,11,C-3-1,,android.provider.cts.media.MediaStore_Audio_GenresTest,testMetadata(),,,,,,,,,,,
,11,C-3-1,,android.provider.cts.media.MediaStore_Video_ThumbnailsTest,testMetadata(),,,,,,,,,,,
,11,C-3-1,,android.provider.cts.media.MediaStore_Images_ThumbnailsTest,testMetadata(),,,,,,,,,,,
,11,C-3-1,,android.provider.cts.media.MediaStore_Audio_Genres_MembersTest,testMetadata(),,,,,,,,,,,
,11,C-3-1,,android.provider.cts.media.MediaStoreAudioTestHelper,testMetadata(),,,,,,,,,,,
,11,C-3-1,,android.provider.cts.DocumentsContractTest,testMetadata(),,,,,,,,,,,
,11,C-3-1,,android.provider.cts.FontRequestTest,testMetadata(),,,,,,,,,,,
,11,C-3-1,,android.uirendering.cts.testclasses.BitmapBlendModeTest,testMetadata(),,,,,,,,,,,
,11,C-3-1,,android.apievolution.cts.ApiEvolutionTest,testMetadata(),,,,,,,,,,,
,11,C-3-1,,android.media.mediaparser.cts.MediaParserTest,testMatroskaOutOfBandCrypto(),,,,,,,,,,,
,11,C-3-1,,com.android.nn.benchmark.cts.NNAccuracyTest,testMatroskaOutOfBandCrypto(),,,,,,,,,,,
,11,C-3-1,,android.widget.toast.cts.LegacyToastTest,testMatroskaOutOfBandCrypto(),,,,,,,,,,,
,11,C-3-1,,android.appwidget.cts.AppWidgetTest,testMatroskaOutOfBandCrypto(),,,,,,,,,,,
,11,C-3-1,,android.appwidget.cts.UpdateProviderInfoTest,testMatroskaOutOfBandCrypto(),,,,,,,,,,,
,11,C-3-1,,android.appwidget.cts.WidgetTransitionTest,testMatroskaOutOfBandCrypto(),,,,,,,,,,,
,11,C-3-1,,android.appwidget.cts.RequestPinAppWidgetTest,testMatroskaOutOfBandCrypto(),,,,,,,,,,,
,11,C-3-1,,android.appwidget.cts.DarkTextThemeTest,testMatroskaOutOfBandCrypto(),,,,,,,,,,,
,11,C-3-1,,android.appwidget.cts.CollectionAppWidgetTest,testMatroskaOutOfBandCrypto(),,,,,,,,,,,
,11,C-3-1,,android.carrierapi.cts.ApnDatabaseTest,testMatroskaOutOfBandCrypto(),,,,,,,,,,,
,11,C-3-1,,android.carrierapi.cts.NetworkScanApiTest,testMatroskaOutOfBandCrypto(),,,,,,,,,,,
,11,C-3-1,,android.content.syncmanager.cts.CtsSyncManagerTest,testMatroskaOutOfBandCrypto(),,,,,,,,,,,
,11,C-3-1,,android.app.classloaderfactory.cts.AppComponentFactoryTest,testMatroskaOutOfBandCrypto(),,,,,,,,,,,
,11,C-3-1,,android.net.wifi.cts.ConnectedNetworkScorerTest,testMatroskaOutOfBandCrypto(),,,,,,,,,,,
,11,C-3-1,,android.net.wifi.cts.WifiBackupRestoreTest,testMatroskaOutOfBandCrypto(),,,,,,,,,,,
,11,C-3-1,,android.net.wifi.cts.WifiNetworkSpecifierTest,testMatroskaOutOfBandCrypto(),,,,,,,,,,,
,11,C-3-1,,android.net.wifi.cts.WifiLocationInfoTest,testMatroskaOutOfBandCrypto(),,,,,,,,,,,
,11,C-3-1,,android.net.wifi.nl80211.cts.PnoSettingsTest,createTestNetworks(),,,,,,,,,,,
,11,C-3-1,,android.net.wifi.nl80211.cts.DeviceWiphyCapabilitiesTest,testMappingWifiStandardIntoChannelWidthSupport(),,,,,,,,,,,
,11,C-3-1,,android.net.wifi.nl80211.cts.RadioChainInfoTest,setUp(),,,,,,,,,,,
,11,C-3-1,,android.net.wifi.nl80211.cts.PnoNetworkTest,setUp(),,,,,,,,,,,
,11,C-3-1,,android.net.wifi.nl80211.cts.NativeScanResultTest,setUp(),,,,,,,,,,,
,11,C-3-1,,android.net.wifi.nl80211.cts.NativeWifiClientTest,testEquals(),,,,,,,,,,,
,11,C-3-1,,android.net.wifi.nl80211.cts.WifiNl80211ManagerTest,testSetOnServiceDeadCallback(),,,,,,,,,,,
,11,C-3-1,,android.graphics.cts.BitmapFactory_OptionsTest,testSetOnServiceDeadCallback(),,,,,,,,,,,
,11,C-3-1,,android.graphics.cts.PictureTest,testSetOnServiceDeadCallback(),,,,,,,,,,,
,11,C-3-1,,android.graphics.cts.BitmapShaderTest,testSetOnServiceDeadCallback(),,,,,,,,,,,
,11,C-3-1,,android.graphics.cts.Color_ColorLongTest,testConvertColorInt(),,,,,,,,,,,
,11,C-3-1,,android.graphics.cts.CornerPathEffectTest,testConvertColorInt(),,,,,,,,,,,
,11,C-3-1,,android.graphics.cts.Interpolator_ResultTest,testConvertColorInt(),,,,,,,,,,,
,11,C-3-1,,android.graphics.cts.Canvas_VertexModeTest,testConvertColorInt(),,,,,,,,,,,
,11,C-3-1,,android.graphics.cts.RectFTest,testInset(),,,,,,,,,,,
,11,C-3-1,,android.graphics.cts.Bitmap_ConfigTest,testInset(),,,,,,,,,,,
,11,C-3-1,,android.graphics.cts.BasicVulkanGpuTest,testInset(),,,,,,,,,,,
,11,C-3-1,,android.graphics.cts.MovieTest,testInset(),,,,,,,,,,,
,11,C-3-1,,android.graphics.cts.RegionIteratorTest,testInset(),,,,,,,,,,,
,11,C-3-1,,android.graphics.cts.MatrixTest,testInset(),,,,,,,,,,,
,11,C-3-1,,android.graphics.cts.PathMeasureTest,testInset(),,,,,,,,,,,
,11,C-3-1,,android.graphics.cts.BitmapTest,testInset(),,,,,,,,,,,
,11,C-3-1,,android.graphics.cts.Canvas_EdgeTypeTest,testInset(),,,,,,,,,,,
,11,C-3-1,,android.graphics.cts.InterpolatorTest,testSetRepeatMirror(),,,,,,,,,,,
,11,C-3-1,,android.graphics.cts.RadialGradientTest,testSetRepeatMirror(),,,,,,,,,,,
,11,C-3-1,,android.graphics.cts.BitmapFactoryTest,testSetRepeatMirror(),,,,,,,,,,,
,11,C-3-1,,android.graphics.cts.Matrix_ScaleToFitTest,testSetRepeatMirror(),,,,,,,,,,,
,11,C-3-1,,android.graphics.cts.TypefaceCustomFallbackBuilderTest,testSetRepeatMirror(),,,,,,,,,,,
,11,C-3-1,,android.graphics.cts.ColorTest,testSetRepeatMirror(),,,,,,,,,,,
,11,C-3-1,,android.graphics.cts.Paint_StyleTest,testSetRepeatMirror(),,,,,,,,,,,
,11,C-3-1,,android.graphics.cts.CameraTest,testRotateZ(),,,,,,,,,,,
,11,C-3-1,,android.graphics.cts.BitmapColorSpaceTest,testRotateZ(),,,,,,,,,,,
,11,C-3-1,,android.graphics.cts.VulkanPreTransformTest,testRotateZ(),,,,,,,,,,,
,11,C-3-1,,android.graphics.cts.SyncTest,testRotateZ(),,,,,,,,,,,
,11,C-3-1,,android.graphics.cts.Paint_FontMetricsIntTest,testRotateZ(),,,,,,,,,,,
,11,C-3-1,,android.graphics.cts.ANativeWindowTest,testSetBuffersDataSpace(),,,,,,,,,,,
,11,C-3-1,,android.graphics.cts.SweepGradientTest,testSetBuffersDataSpace(),,,,,,,,,,,
,11,C-3-1,,android.graphics.cts.Region_OpTest,testSetBuffersDataSpace(),,,,,,,,,,,
,11,C-3-1,,android.graphics.cts.InsetsTest,testSubtract(),,,,,,,,,,,
,11,C-3-1,,android.graphics.cts.CanvasTest,testSubtract(),,,,,,,,,,,
,11,C-3-1,,android.graphics.cts.BitmapRGBAF16Test,testSubtract(),,,,,,,,,,,
,11,C-3-1,,android.graphics.cts.Paint_AlignTest,testSubtract(),,,,,,,,,,,
,11,C-3-1,,android.graphics.cts.VulkanSurfaceSupportTest,testSubtract(),,,,,,,,,,,
,11,C-3-1,,android.graphics.cts.ColorSpaceTest,testIdentityConnector(),,,,,,,,,,,
,11,C-3-1,,android.graphics.cts.SumPathEffectTest,testIdentityConnector(),,,,,,,,,,,
,11,C-3-1,,android.graphics.cts.OutlineTest,testIdentityConnector(),,,,,,,,,,,
,11,C-3-1,,android.graphics.cts.PorterDuffColorFilterTest,testIdentityConnector(),,,,,,,,,,,
,11,C-3-1,,android.graphics.cts.EGL15Test,testEGL15CreateDebugContext(),,,,,,,,,,,
,11,C-3-1,,android.graphics.cts.BlurMaskFilter_BlurTest,testEGL15CreateDebugContext(),,,,,,,,,,,
,11,C-3-1,,android.graphics.cts.PorterDuffXfermodeTest,testEGL15CreateDebugContext(),,,,,,,,,,,
,11,C-3-1,,android.graphics.cts.SetFrameRateTest,testEGL15CreateDebugContext(),,,,,,,,,,,
,11,C-3-1,,android.graphics.cts.ComposePathEffectTest,,,,,,,,,,,,
,11,C-3-1,,android.graphics.cts.PaintTest,testGetOffsetForAdvance_graphemeCluster(),,,,,,,,,,,
,11,C-3-1,,android.graphics.cts.PathEffectTest,testGetOffsetForAdvance_graphemeCluster(),,,,,,,,,,,
,11,C-3-1,,android.graphics.cts.ShaderTest,testGetOffsetForAdvance_graphemeCluster(),,,,,,,,,,,
,11,C-3-1,,android.graphics.cts.BlurMaskFilterTest,testGetOffsetForAdvance_graphemeCluster(),,,,,,,,,,,
,11,C-3-1,,android.graphics.cts.LightingColorFilterTest,testGetOffsetForAdvance_graphemeCluster(),,,,,,,,,,,
,11,C-3-1,,android.graphics.cts.RegionTest,testOp3(),,,,,,,,,,,
,11,C-3-1,,android.graphics.cts.Paint_CapTest,testOp3(),,,,,,,,,,,
,11,C-3-1,,android.graphics.cts.NinePatchTest,testGetDensity(),,,,,,,,,,,
,11,C-3-1,,android.graphics.cts.Paint_JoinTest,testGetDensity(),,,,,,,,,,,
,11,C-3-1,,android.graphics.cts.PaintFlagsDrawFilterTest,testGetDensity(),,,,,,,,,,,
,11,C-3-1,,android.graphics.cts.DiscretePathEffectTest,testGetDensity(),,,,,,,,,,,
,11,C-3-1,,android.graphics.cts.EGL14Test,testGetDensity(),,,,,,,,,,,
,11,C-3-1,,android.graphics.cts.CameraVulkanGpuTest,testGetDensity(),,,,,,,,,,,
,11,C-3-1,,android.graphics.cts.Shader_TileModeTest,testGetDensity(),,,,,,,,,,,
,11,C-3-1,,android.graphics.cts.YuvImageTest,,,,,,,,,,,,
,11,C-3-1,,android.graphics.cts.BitmapRegionDecoderTest,,,,,,,,,,,,
,11,C-3-1,,android.graphics.cts.FontVariationAxisTest,,,,,,,,,,,,
,11,C-3-1,,android.graphics.cts.ComposeShaderTest,,,,,,,,,,,,
,11,C-3-1,,android.graphics.cts.AImageDecoderTest,,,,,,,,,,,,
,11,C-3-1,,android.graphics.cts.TypefaceTest,,,,,,,,,,,,
,11,C-3-1,,android.graphics.cts.ColorMatrixColorFilterTest,,,,,,,,,,,,
,11,C-3-1,,android.graphics.cts.PointTest,testOffset(),,,,,,,,,,,
,11,C-3-1,,android.graphics.cts.ColorMatrixTest,testSetRGB2YUV(),,,,,,,,,,,
,11,C-3-1,,android.graphics.cts.PathDashPathEffect_StyleTest,testSetRGB2YUV(),,,,,,,,,,,
,11,C-3-1,,android.graphics.cts.PixelFormatTest,testSetRGB2YUV(),,,,,,,,,,,
,11,C-3-1,,android.graphics.cts.PathTest,testRCubicTo(),,,,,,,,,,,
,11,C-3-1,,android.graphics.cts.ImageDecoderTest,testConserveMemory(),,,,,,,,,,,
,11,C-3-1,,android.graphics.cts.CameraGpuTest,testConserveMemory(),,,,,,,,,,,
,11,C-3-1,,android.graphics.cts.RectTest,testExactCenterY(),,,,,,,,,,,
,11,C-3-1,,android.graphics.cts.VulkanFeaturesTest,testVulkanHardwareFeatures(),,,,,,,,,,,
,11,C-3-1,,android.graphics.cts.LinearGradientTest,testVulkanHardwareFeatures(),,,,,,,,,,,
,11,C-3-1,,android.graphics.cts.PointFTest,testOffset(),,,,,,,,,,,
