,7.1.1.1,H-1-1,,,,,7.1.1.1/H-1-1,""">7.1.1.1/H-1-1]* MUST make the logical screen that is made available for third party applications be at least 2 inches on the short edge(s) and 2.7 inches on the long edge(s). Devices which launched on an API level earlier than that of this document are exempted from this requirement. If Handheld device implementations do not support software screen rotation; they: [<a href=""https://source.android.com/compatibility/11/android-11-cdd#7_1_display_and_graphics""""","""07010101.720101""","{'edge(s)', 'H-1-1', '7.1.1.1'}",https://source.android.com,,,,,
,7.1.1.1,H-2-1,,android.car.cts.CarBluetoothTest,testConstructor(),CtsCarTestCases,7.1.1.1/H-2-1,""">7.1.1.1/H-2-1]* MUST make the logical screen that is made available for third party applications be at least 2.7 inches on the short edge(s). Devices which launched on an API level earlier than that of this document are exempted from this requirement. If Handheld device implementations claim support for high dynamic range displays through Configuration.isScreenHdr() ; they: [<a href=""https://source.android.com/compatibility/11/android-11-cdd#7_1_display-and-graphics""""","""07010101.720201""","{'isScreenHdr()', 'bluetooth', 'H-2-1', 'edge(s)', 'Configuration.isScreenHdr', '7.1.1.1'}",https://source.android.com,cts/tests/tests/car/src/android/car/cts/CarBluetoothTest.java,,testInteractionWithSwipeUp() testInteractionWithSwipeDown() testAccessValue() testSelectionDisplayedValuePrecedence() testSelectionDisplayedValueFromFormatter() testSelectionDisplayedValueFromDisplayedValues() testSetDisplayedValuesRangeMismatch() testSetDisplayedValuesRangeMatch() testConstructor() testFadingEdge(),{'bluetooth'},
,7.1.4.6,H-0-1,,android.opengl.cts.Egl14Utils,testIsStateful(),CtsOpenGLTestCases,7.1.4.6/H-0-1,""">7.1.4.6/H-0-1] MUST report whether the device supports the GPU profiling capability via a system property graphics.gpu.profiler.support. If Handheld device implementations declare support via a system property graphics.gpu.profiler.support; they: [<a href=""https://source.android.com/compatibility/11/android-11-cdd#7_1_display_and_graphics""""","""07010406.720001""","{'7.1.4.6', 'graphics.gpu.profiler.support', 'H-0-1', 'GPU', 'ArtParser(aFile)'}",https://source.android.com,cts/tests/tests/opengl/src/android/opengl/cts/Egl14Utils.java,,testIsStateful(),{'GPU'},
,7.1.4.6,H-1-1,,android.opengl.cts.Egl14Utils,testIsStateful(),CtsOpenGLTestCases,7.1.4.6/H-1-1,""">7.1.4.6/H-1-1] MUST report as output a protobuf trace that complies with the schema for GPU counters and GPU renderstages defined in the Perfetto documentation. [<a href=""https://source.android.com/compatibility/11/android-11-cdd#7_1_display_and_graphics""""","""07010406.720101""","{'7.1.4.6', 'H-1-1', 'GPU', ""'getVdexInfo()'""}",https://source.android.com,cts/tests/tests/opengl/src/android/opengl/cts/Egl14Utils.java,,testIsStateful(),{'GPU'},
,7.1.4.6,H-1-2,,android.opengl.cts.Egl14Utils,testIsStateful(),CtsOpenGLTestCases,7.1.4.6/H-1-2,""">7.1.4.6/H-1-2] MUST report conformant values for the device’s GPU counters following the gpu counter trace packet proto. [<a href=""https://source.android.com/compatibility/11/android-11-cdd#7_1_display_and_graphics""""","""07010406.720102""","{'7.1.4.6', 'H-1-2', 'GPU', 'sInternalReferenceSymboleMap'}",https://source.android.com,cts/tests/tests/opengl/src/android/opengl/cts/Egl14Utils.java,,testIsStateful(),{'GPU'},
,7.1.4.6,H-1-3,,android.opengl.cts.Egl14Utils,testIsStateful(),CtsOpenGLTestCases,7.1.4.6/H-1-3,""">7.1.4.6/H-1-3] MUST report conformant values for the device’s GPU RenderStages following the render stage trace packet proto. [<a href=""https://source.android.com/compatibility/11/android-11-cdd#7_1_display_and_graphics""""","""07010406.720103""","{'7.1.4.6', 'H-1-3', 'GPU'}",https://source.android.com,cts/tests/tests/opengl/src/android/opengl/cts/Egl14Utils.java,,testIsStateful(),{'GPU'},
,7.1.4.6,H-1-4,,android.opengl.cts.Egl14Utils,testIsStateful(),CtsOpenGLTestCases,7.1.4.6/H-1-4,""">7.1.4.6/H-1-4] MUST report a GPU Frequency tracepoint as specified by the format: power/gpu_frequency. Handheld device implementations: [<a href=""https://source.android.com/compatibility/11/android-11-cdd#7_1_display_and_graphics""""","""07010406.720104""","{'7.1.4.6', 'H-1-4', 'GPU'}",https://source.android.com,cts/tests/tests/opengl/src/android/opengl/cts/Egl14Utils.java,,testIsStateful(),{'GPU'},
,3.8.16,H-1-1,,,,,3.8.16/H-1-1,""">3.8.16/H-1-1] MUST declare the feature flag android.software.controls and set it to true. [<a href=""https://source.android.com/compatibility/11/android-11-cdd#3_8_user_interface_compatibility""""","""03081600.720101""","{'H-1-1', '3.8.16', 'android.software.controls'}",https://source.android.com,,,,,
,3.8.16,H-1-2,,android.hardware.camera2.cts.ExtendedCameraCharacteristicsTest,testOnFocusChanged(),CtsCameraTestCases,3.8.16/H-1-2,""">3.8.16/H-1-2] MUST provide a user affordance with the ability to add; edit; select; and operate the user’s favorite device controls from the controls registered by the third-party applications through the ControlsProviderService and the Control APIs. [<a href=""https://source.android.com/compatibility/11/android-11-cdd#3_8_user_interface_compatibility""""","""03081600.720102""","{'H-1-2', '3.8.16'}",https://source.android.com,cts/tests/camera/src/android/hardware/camera2/cts/ExtendedCameraCharacteristicsTest.java,,testGetInputType() testGetAcceptedChars() getInstance() testGetInstance() testConstructor() testOnFocusChanged() testGetTransformation() testGetInputType() testOnSpanRemoved(),{'H-1-2'},
,3.8.16,H-1-3,,android.hardware.camera2.cts.ExtendedCameraCharacteristicsTest,getInstance(),CtsCameraTestCases,3.8.16/H-1-3,""">3.8.16/H-1-3] MUST provide access to this user affordance within three interactions from a default Launcher. [<a href=""https://source.android.com/compatibility/11/android-11-cdd#3_8_user_interface_compatibility""""","""03081600.720103""","{'H-1-3', '3.8.16'}",https://source.android.com,cts/tests/camera/src/android/hardware/camera2/cts/ExtendedCameraCharacteristicsTest.java,,testGetInputType() testGetAcceptedChars() getInstance() testGetInstance() testConstructor() testOnFocusChanged() testGetTransformation() testGetInputType() testOnSpanRemoved(),{'H-1-3'},
,3.8.16,H-1-4,,android.hardware.camera2.cts.ExtendedCameraCharacteristicsTest,testGetInstance(),CtsCameraTestCases,3.8.16/H-1-4,""">3.8.16/H-1-4] MUST accurately render in this user affordance the name and icon of each third-party app that provides controls via the ControlsProviderService API as well as any specified fields provided by the Control APIs. Conversely; If Handheld device implementations do not implement such controls; they: [<a href=""https://source.android.com/compatibility/11/android-11-cdd#3_8_user_interface_compatibility""""","""03081600.720104""","{'H-1-4', '3.8.16'}",https://source.android.com,cts/tests/camera/src/android/hardware/camera2/cts/ExtendedCameraCharacteristicsTest.java,,testGetInputType() testGetAcceptedChars() getInstance() testGetInstance() testConstructor() testOnFocusChanged() testGetTransformation() testGetInputType() testOnSpanRemoved(),{'H-1-4'},
,3.8.16,H-2-1,,,,,3.8.16/H-2-1,""">3.8.16/H-2-1] MUST report null for the ControlsProviderService and the Control APIs. [<a href=""https://source.android.com/compatibility/11/android-11-cdd#3_8_user_interface_compatibility""""","""03081600.720201""","{'H-2-1', '3.8.16'}",https://source.android.com,,,,,
,3.8.16,H-2-2,,,,,3.8.16/H-2-2,""">3.8.16/H-2-2] MUST declare the feature flag android.software.controls and set it to false. Handheld device implementations: [<a href=""https://source.android.com/compatibility/11/android-11-cdd#3_10_accessibility""""","""03081600.720202""","{'H-2-2', '3.8.16', 'android.software.controls'}",https://source.android.com,,,,,
,7.3.4,A-3-1,,,,,7.3.4/A-3-1,,"""07030400.650301""",,,,,,,
,7.3.4,A-3-2,,,,,7.3.4/A-3-2,,"""07030400.650302""",,,,,,,
,3,A-1-1,,android.location.cts.gnss.pseudorange.UserPositionVelocityWeightedLeastSquare,testEntrySetArray(),CtsLocationGnssTestCases,3/A-1-1,""">3/A-1-1] MUST NOT attach special privileges to system application's use of these properties; or prevent third-party applications from using these properties. [<a href=""https://source.android.com/compatibility/11/android-11-cdd#3_0_intro""""","""03000000.650101""","{'A-1-1', '3'}",https://source.android.com,cts/tests/location/location_gnss/src/android/location/cts/gnss/pseudorange/UserPositionVelocityWeightedLeastSquare.java,,testEntrySetArray() testDuplicateKeys(),{'3'},
,3,A-1-2,,android.location.cts.gnss.pseudorange.UserPositionVelocityWeightedLeastSquare,testEntrySetArray(),CtsLocationGnssTestCases,3/A-1-2,""">3/A-1-2] MUST NOT replicate a vehicle property that already exists in the SDK. Automotive device implementations: [<a href=""https://source.android.com/compatibility/11/android-11-cdd#3_2_soft_api_compatibility""""","""03000000.650102""","{'A-1-2', '3'}",https://source.android.com,cts/tests/location/location_gnss/src/android/location/cts/gnss/pseudorange/UserPositionVelocityWeightedLeastSquare.java,,testEntrySetArray() testDuplicateKeys(),{'3'},
,3.2.3.1,A-0-1,,,,,3.2.3.1/A-0-1,""">3.2.3.1/A-0-1] MUST preload one or more applications or service components with an intent handler; for all the public intent filter patterns defined by the following application intents listed here. [<a href=""https://source.android.com/compatibility/11/android-11-cdd#3_4_web_compatibility""""","""03020301.650001""","{'A-0-1', '3.2.3.1'}",https://source.android.com,,,,,
,3.2.3.1,Tab-0-1,,,,,3.2.3.1/Tab-0-1,""">3.2.3.1/Tab-0-1] MUST preload one or more applications or service components with an intent handler; for all the public intent filter patterns defined by the following application intents listed here. <h2 id=""","""03020301.980001""","{'Tab-0-1', '3.2.3.1'}",,,,,,
,3.1.1,C-0-2,,,,,3.1.1/C-0-2,"""C-0-2] MUST only return valid extension version number that have been defined by the AOSP. ""","""03010100.670002""","{'C-0-2', '3.1.1'}",,,,,,
,3.1.1,C-0-3,,,,,3.1.1/C-0-3,"""C-0-3] MUST support all the APIs defined by the extension versions returned by android.os.ext.SdkExtensions.getExtensionVersion(int apiLevel) in the same manner as other managed APIs are supported; following the requirements in section 3.1. <h4 id=""","""03010100.670003""","{'3.1.1', 'C-0-3', 'android.os.ext.SdkExtensions.getExtensionVersion'}",,,,,,
,3.2.3.5,C-2-6,,android.provider.cts.calendar.CalendarTest,testBitmapIcon_getType(),CtsCalendarProviderTestCases,3.2.3.5/C-2-6,"""C-2-6] MUST honor the android.intent.action.SENDTO and android.intent.action.VIEW intents and provide an activity to send/display SMS messages. ""","""03020305.670206""","{'VIEW', 'SMS', 'C-2-6', 'android.intent.action.VIEW', 'SENDTO', '3.2.3.5', 'android.intent.action.SENDTO'}",,cts/tests/tests/calendarprovider/src/android/provider/cts/calendar/CalendarTest.java,,testBitmapIcon_getType(),{'SMS'},
,3.2.3.5,C-3-2,,,,,3.2.3.5/C-3-2,"""C-3-2] MUST honor android.nfc.cardemulation.action.ACTION_CHANGE_DEFAULT intent to show an activity which opens a dialog to ask the user to change the default card emulation service for a certain category as described in the SDK. If device implementations report android.hardware.nfc; they: ""","""03020305.670302""","{'android.hardware.nfc', 'android.nfc.cardemulation.action.ACTION', 'C-3-2', 'ACTION_CHANGE_DEFAULT', '3.2.3.5'}",,,,,,
,3.2.3.5,C-5-1,,,,,3.2.3.5/C-5-1,"""C-5-1] MUST honor the ‘android.bluetooth.adapter.action.REQUEST_ENABLE’ intent and show a system activity to allow the user to turn on Bluetooth. ""","""03020305.670501""","{'REQUEST_ENABLE', '3.2.3.5', 'C-5-1', 'android.bluetooth.adapter.action.REQUEST'}",,,,,,
,3.2.3.5,C-5-2,,android.app.cts.NotificationManagerTest,testSetChildrenCursor(),CtsAppTestCases,3.2.3.5/C-5-2,"""C-5-2] MUST honor the ‘android.bluetooth.adapter.action.REQUEST_DISCOVERABLE’ intent and show a system activity that requests discoverable mode. If device implementations support the DND feature; they: ""","""03020305.670502""","{'REQUEST_DISCOVERABLE', 'C-5-2', 'android.bluetooth.adapter.action.REQUEST', 'DND', '3.2.3.5'}",,cts/tests/app/src/android/app/cts/NotificationManagerTest.java,,testSetChildrenCursor() testSetGroupCursor() testGetCursor(),{'DND'},
,3.2.3.5,C-6-1,,android.app.cts.NotificationManagerTest,testSetGroupCursor(),CtsAppTestCases,3.2.3.5/C-6-1,"""C-6-1] MUST implement an activity that would respond to the intent ACTION_NOTIFICATION_POLICY_ACCESS_SETTINGS; which for implementations with UI_MODE_TYPE_NORMAL it MUST be an activity where the user can grant or deny the app access to DND policy configurations. If device implementations allow users to use third-party input methods on the device; they: ""","""03020305.670601""","{'C-6-1', 'MODE_TYPE_NORMAL', 'DND', '3.2.3.5', 'ACTION_NOTIFICATION_POLICY_ACCESS_SETTINGS'}",,cts/tests/app/src/android/app/cts/NotificationManagerTest.java,,testSetChildrenCursor() testSetGroupCursor() testGetCursor(),{'DND'},
,3.2.3.5,C-7-1,,,,,3.2.3.5/C-7-1,"""C-7-1] MUST provide a user-accessible mechanism to add and configure third-party input methods in response to the android.settings.INPUT_METHOD_SETTINGS intent. If device implementations support third-party accessibility services; they: ""","""03020305.670701""","{'android.settings.INPUT', 'C-7-1', '3.2.3.5', 'INPUT_METHOD_SETTINGS'}",,,,,,
,3.2.3.5,C-8-1,,,,,3.2.3.5/C-8-1,"""C-8-1] MUST honor the android.settings.ACCESSIBILITY_SETTINGS intent to provide a user-accessible mechanism to enable and disable the third-party accessibility services alongside the preloaded accessibility services. If device implementations include support for Wi-Fi Easy Connect and expose the functionality to third-party apps; they: ""","""03020305.670801""","{'ACCESSIBILITY_SETTINGS', 'C-8-1', 'android.settings.ACCESSIBILITY', '3.2.3.5'}",,,,,,
,3.2.3.5,C-9-1,,,,,3.2.3.5/C-9-1,"""C-9-1] MUST implement the Settings#ACTION_PROCESS_WIFI_EASY_CONNECT_URI Intent APIs as described in the SDK documentation. If device implementations provide the data saver mode; they: *""","""03020305.670901""","{'C-9-1', 'ACTION_PROCESS_WIFI_EASY_CONNECT_URI', '3.2.3.5'}",,,,,,
,3.2.3.5,C-11-1,,,,,3.2.3.5/C-11-1,"""C-11-1] MUST have an activity that handles the Settings.ACTION_IGNORE_BACKGROUND_DATA_RESTRICTIONS_SETTINGS intent but MAY implement it as a no-op. If device implementations declare the support for camera via android.hardware.camera.any they: ""","""03020305.671101""","{'C-11-1', 'android.hardware.camera.any', 'TINGS', 'ACTION_IGNORE_BACKGROUND_DATA_RESTRICTIONS_SET', 'Settings.ACTION', '3.2.3.5'}",,,,,,
,3.2.3.5,C-12-1,,,,,3.2.3.5/C-12-1,"""C-12-1] MUST honor the android.media.action.STILL_IMAGE_CAMERA and android.media.action.STILL_IMAGE_CAMERA_SECURE intent and launch the camera in still image mode as described in the SDK. ""","""03020305.671201""","{'C-12-1', 'android.media.action.STILL', 'STILL_IMAGE_CAMERA', 'STILL_IMAGE_CAMERA_SECURE', '3.2.3.5'}",,,,,,
,3.2.3.5,C-13-1,,,,,3.2.3.5/C-13-1,"""C-13-1] MUST honor the intent android.app.action.ADD_DEVICE_ADMIN to invoke a UI to bring the user through adding the device administrator to the system (or allowing them to reject it). ""","""03020305.671301""","{'C-13-1', 'android.app.action.ADD', 'ADD_DEVICE_ADMIN', '3.2.3.5'}",,,,,,
,3.2.3.5,C-13-2,,,,,3.2.3.5/C-13-2,"""C-13-2] MUST honor the intents android.app.action.ADMIN_POLICY_COMPLIANCE; android.app.action.GET_PROVISIONING_MODE; android.app.action.PROVISIONING_SUCCESSFUL; android.app.action.PROVISION_MANAGED_DEVICE; android.app.action.PROVISION_MANAGED_PROFILE; android.app.action.SET_NEW_PARENT_PROFILE_PASSWORD; android.app.action.SET_NEW_PASSWORD &amp; android.app.action.START_ENCRYPTION and have an activity to provide fulfillment for these intents as described in SDK here. If device implementations declare the android.software.autofill feature flag; they: ""","""03020305.671302""","{'SET_NEW_PASSWORD', 'C-13-2', 'android.app.action.START', 'android.app.action.GET', 'android.app.action.PROVISION', 'android.app.action.PROVISIONING', 'SET_NEW_PARENT_PROFILE_PASSWORD', 'PROVISIONING_SUCCESSFUL', 'android.software.autofill', 'PROVISION_MANAGED_DEVICE', 'ADMIN_POLICY_COMPLIANCE', 'START_ENCRYPTION', 'android.app.action.ADMIN', 'android.app.action.SET', 'GET_PROVISIONING_MODE', '3.2.3.5', 'PROVISION_MANAGED_PROFILE'}",,,,,,
,3.2.3.5,C-14-1,,,,,3.2.3.5/C-14-1,"""C-14-1] MUST fully implement the AutofillService and AutofillManager APIs and honor the android.settings.REQUEST_SET_AUTOFILL_SERVICE intent to show a default app settings menu to enable and disable autofill and change the default autofill service for the user. If device implementations include a pre-installed app or wish to allow third-party apps to access the usage statistics; they: ""","""03020305.671401""","{'C-14-1', '3.2.3.5', 'android.settings.REQUEST', 'REQUEST_SET_AUTOFILL_SERVICE'}",,,,,,
,3.2.3.5,C-15-1,,,,,3.2.3.5/C-15-1,"""C-15-1] MUST still have an activity that handles the android.settings.ACTION_USAGE_ACCESS_SETTINGS intent pattern but MUST implement it as a no-op; that is to have an equivalent behavior as when the user is declined for access. If device implementations report the feature android.hardware.audio.output; they: ""","""03020305.671501""","{'C-15-1', 'android.settings.ACTION', 'ACTION_USAGE_ACCESS_SETTINGS', 'android.hardware.audio.output', '3.2.3.5'}",,,,,,
,3.9.11,C-1-3,,,,,3.9.11/C-1-3,,"""03091100.670103""",,,,,,,
,3.9.2,C-2-1,,com.android.cts.delegate.CertInstallDelegateTest,,,3.9.2/C-2-1,"""C-2-1] MUST support the ability to specify a separate lock screen meeting the following requirements to grant access to apps running in a managed profile only. Device implementations MUST honor the DevicePolicyManager.ACTION_SET_NEW_PASSWORD intent and show an interface to configure a separate lock screen credential for the managed profile. The lock screen credentials of the managed profile MUST use the same credential storage and management mechanisms as the parent profile; as documented on the Android Open Source Project Site. The DPC password policies MUST apply to only the managed profile's lock screen credentials unless called upon the DevicePolicyManager instance returned by getParentProfileInstance. When contacts from the managed profile are displayed in the preinstalled call log; in-call UI; in-progress and missed-call notifications; contacts and messaging apps they SHOULD be badged with the same badge used to indicate managed profile applications. <h4 id=""","""03090200.670201""","{'3.9.2', 'ACTION_SET_NEW_PASSWORD', 'C-2-1', 'DPC', 'DevicePolicyManager.ACTION'}",,cts/hostsidetests/devicepolicy/app/DelegateApp/src/com/android/cts/delegate/CertInstallDelegateTest.java,,,,
,4,C-0-8,,android.location.cts.common.TestGnssMeasurementListener,testGetBounds_multiStyle(),,4/C-0-8,"""C-0-8] MUST implement support for Incremental File System as documented here.  | C-0-8] and""","""04000000.670008""","{'4', 'C-0-8'}",,cts/tests/location/common/src/android/location/cts/common/TestGnssMeasurementListener.java,,testDrawText_MultiParagraph() TextPaint() testDrawText_MultiStyle() TextPaint() testDrawText() Rect() testGetBounds_across_paragraph_boundary() build() testGetBounds_null_rect() Rect() testGetBounds_reverse_offset() Rect() testGetBounds_index_out_of_bounds_end_offset() Rect() testGetBounds_index_out_of_bounds_start_offset() Rect() testGetBounds_negative_end_offset() Rect() testGetBounds_negative_start_offset() getInstrumentation() testGetBounds_multiStyle2() getInstrumentation() testGetBounds_multiStyle() getInstrumentation() testGetBounds() build() testGetWidth_across_paragraph_boundary() build() testGetWidth_reverse_offset(),{'4'},
,4,C-0-9,,android.location.cts.common.TestGnssMeasurementListener,testGetBounds_multiStyle(),,4/C-0-9,"""C-0-9] MUST support verifying .apk files using the APK Signature Scheme v4. If device implementations are already launched on an earlier Android version and cannot meet the requirements | C-0-9] through a system software update; they MAY be exempted from these requirements. <h2 id=""","""04000000.670009""","{'4', 'APK', 'C-0-9'}",,cts/tests/location/common/src/android/location/cts/common/TestGnssMeasurementListener.java,,testDrawText_MultiParagraph() TextPaint() testDrawText_MultiStyle() TextPaint() testDrawText() Rect() testGetBounds_across_paragraph_boundary() build() testGetBounds_null_rect() Rect() testGetBounds_reverse_offset() Rect() testGetBounds_index_out_of_bounds_end_offset() Rect() testGetBounds_index_out_of_bounds_start_offset() Rect() testGetBounds_negative_end_offset() Rect() testGetBounds_negative_start_offset() getInstrumentation() testGetBounds_multiStyle2() getInstrumentation() testGetBounds_multiStyle() getInstrumentation() testGetBounds() build() testGetWidth_across_paragraph_boundary() build() testGetWidth_reverse_offset(),{'4'},
,6.1,C-0-11,,android.media.cts.AudioTrackTest,testIncrementProgressBy(),CtsMediaTestCases,6.1/C-0-11,"""C-0-11] MUST support the shell command cmd testharness. Upgrading device implementations from an earlier Android version without a persistent data block MAY be exempted from C-0-11. ""","""06010000.670011""","{'6.1', 'C-0-11'}",,cts/tests/tests/media/src/android/media/cts/AudioTrackTest.java,,testIsHorizontallyScrollingTrueToFalse() testIsHorizontallyScrollingSameAsGiven() testIsHorizontallyScrollingDefaultIsFalse() testAnimationNotOverwriteNewProgress() testGetAndSetMaxHeight() testGetAndSetMinHeight() testGetAndSetMaxWidth() testGetAndSetMinWidth() testOnSaveAndRestoreInstanceState() testVerifyDrawable() testIndeterminateTintBlendMode() testIndeterminateTint() testProgressTintBlendMode() testProgressTint() testAccessMax() postInvalidate() testPostInvalidate() testInvalidateDrawable() testSetVisibility() testAccessInterpolator() testIncrementSecondaryProgressBy() testIncrementProgressBy() getSecondaryProgress() testAccessSecondaryProgress() getProgress() testAccessProgress() testAccessCurrentDrawable() testAccessProgressDrawable() testAccessIndeterminateDrawable() isAnimating() testQueryAnimationState() isIndeterminate() testSetIndeterminate() testConstructor() testSetViewPadding() testSetAccessibilityTraversalBefore() testSetAccessibilityTraversalAfter() testSetLabelFor() testAddView() testRemoveAllViews() testSetIntent() testSetBundle() testSetShort() testSetDouble(),{'6.1'},
,6.1,C-3-1,,android.media.cts.AudioTrackTest,testInvalidateDrawable(),CtsMediaTestCases,6.1/C-3-1,"""C-3-1] MUST implement adb via local-area network (such as Ethernet or Wi-Fi). ""","""06010000.670301""","{'C-3-1', '6.1'}",,cts/tests/tests/media/src/android/media/cts/AudioTrackTest.java,,testIsHorizontallyScrollingTrueToFalse() testIsHorizontallyScrollingSameAsGiven() testIsHorizontallyScrollingDefaultIsFalse() testAnimationNotOverwriteNewProgress() testGetAndSetMaxHeight() testGetAndSetMinHeight() testGetAndSetMaxWidth() testGetAndSetMinWidth() testOnSaveAndRestoreInstanceState() testVerifyDrawable() testIndeterminateTintBlendMode() testIndeterminateTint() testProgressTintBlendMode() testProgressTint() testAccessMax() postInvalidate() testPostInvalidate() testInvalidateDrawable() testSetVisibility() testAccessInterpolator() testIncrementSecondaryProgressBy() testIncrementProgressBy() getSecondaryProgress() testAccessSecondaryProgress() getProgress() testAccessProgress() testAccessCurrentDrawable() testAccessProgressDrawable() testAccessIndeterminateDrawable() isAnimating() testQueryAnimationState() isIndeterminate() testSetIndeterminate() testConstructor() testSetViewPadding() testSetAccessibilityTraversalBefore() testSetAccessibilityTraversalAfter() testSetLabelFor() testAddView() testRemoveAllViews() testSetIntent() testSetBundle() testSetShort() testSetDouble(),{'6.1'},
,6.1,C-3-2,,android.media.cts.AudioTrackTest,testIndeterminateTint(),CtsMediaTestCases,6.1/C-3-2,"""C-3-2] MUST provide drivers for Windows 7; 8 and 10; allowing developers to connect to the device using the adb protocol. If device implementations support adb connections to a host machine via Wi-Fi; they: ""","""06010000.670302""","{'C-3-2', '6.1'}",,cts/tests/tests/media/src/android/media/cts/AudioTrackTest.java,,testIsHorizontallyScrollingTrueToFalse() testIsHorizontallyScrollingSameAsGiven() testIsHorizontallyScrollingDefaultIsFalse() testAnimationNotOverwriteNewProgress() testGetAndSetMaxHeight() testGetAndSetMinHeight() testGetAndSetMaxWidth() testGetAndSetMinWidth() testOnSaveAndRestoreInstanceState() testVerifyDrawable() testIndeterminateTintBlendMode() testIndeterminateTint() testProgressTintBlendMode() testProgressTint() testAccessMax() postInvalidate() testPostInvalidate() testInvalidateDrawable() testSetVisibility() testAccessInterpolator() testIncrementSecondaryProgressBy() testIncrementProgressBy() getSecondaryProgress() testAccessSecondaryProgress() getProgress() testAccessProgress() testAccessCurrentDrawable() testAccessProgressDrawable() testAccessIndeterminateDrawable() isAnimating() testQueryAnimationState() isIndeterminate() testSetIndeterminate() testConstructor() testSetViewPadding() testSetAccessibilityTraversalBefore() testSetAccessibilityTraversalAfter() testSetLabelFor() testAddView() testRemoveAllViews() testSetIntent() testSetBundle() testSetShort() testSetDouble(),{'6.1'},
,6.1,C-4-1,,android.media.cts.AudioTrackTest,testSetIndeterminate(),CtsMediaTestCases,6.1/C-4-1,"""C-4-1] MUST have the AdbManager#isAdbWifiSupported() method return true. If device implementations support adb connections to a host machine via Wi-Fi and includes at least one camera; they: ""","""06010000.670401""","{'C-4-1', 'isAdbWifiSupported()', '6.1'}",,cts/tests/tests/media/src/android/media/cts/AudioTrackTest.java,,testIsHorizontallyScrollingTrueToFalse() testIsHorizontallyScrollingSameAsGiven() testIsHorizontallyScrollingDefaultIsFalse() testAnimationNotOverwriteNewProgress() testGetAndSetMaxHeight() testGetAndSetMinHeight() testGetAndSetMaxWidth() testGetAndSetMinWidth() testOnSaveAndRestoreInstanceState() testVerifyDrawable() testIndeterminateTintBlendMode() testIndeterminateTint() testProgressTintBlendMode() testProgressTint() testAccessMax() postInvalidate() testPostInvalidate() testInvalidateDrawable() testSetVisibility() testAccessInterpolator() testIncrementSecondaryProgressBy() testIncrementProgressBy() getSecondaryProgress() testAccessSecondaryProgress() getProgress() testAccessProgress() testAccessCurrentDrawable() testAccessProgressDrawable() testAccessIndeterminateDrawable() isAnimating() testQueryAnimationState() isIndeterminate() testSetIndeterminate() testConstructor() testSetViewPadding() testSetAccessibilityTraversalBefore() testSetAccessibilityTraversalAfter() testSetLabelFor() testAddView() testRemoveAllViews() testSetIntent() testSetBundle() testSetShort() testSetDouble(),{'6.1'},
,6.1,C-5-1,,android.media.cts.AudioTrackTest,testVerifyDrawable(),CtsMediaTestCases,6.1/C-5-1,"""C-5-1] MUST have the AdbManager#isAdbWifiQrSupported() method return true. Dalvik Debug Monitor Service (ddms) ""","""06010000.670501""","{'isAdbWifiQrSupported()', 'C-5-1', '6.1'}",,cts/tests/tests/media/src/android/media/cts/AudioTrackTest.java,,testIsHorizontallyScrollingTrueToFalse() testIsHorizontallyScrollingSameAsGiven() testIsHorizontallyScrollingDefaultIsFalse() testAnimationNotOverwriteNewProgress() testGetAndSetMaxHeight() testGetAndSetMinHeight() testGetAndSetMaxWidth() testGetAndSetMinWidth() testOnSaveAndRestoreInstanceState() testVerifyDrawable() testIndeterminateTintBlendMode() testIndeterminateTint() testProgressTintBlendMode() testProgressTint() testAccessMax() postInvalidate() testPostInvalidate() testInvalidateDrawable() testSetVisibility() testAccessInterpolator() testIncrementSecondaryProgressBy() testIncrementProgressBy() getSecondaryProgress() testAccessSecondaryProgress() getProgress() testAccessProgress() testAccessCurrentDrawable() testAccessProgressDrawable() testAccessIndeterminateDrawable() isAnimating() testQueryAnimationState() isIndeterminate() testSetIndeterminate() testConstructor() testSetViewPadding() testSetAccessibilityTraversalBefore() testSetAccessibilityTraversalAfter() testSetLabelFor() testAddView() testRemoveAllViews() testSetIntent() testSetBundle() testSetShort() testSetDouble(),{'6.1'},
,7.1.1.1,C-2-1,,android.server.wm.MultiDisplayTestBase,,CtsWindowManagerDeviceTestCases,7.1.1.1/C-2-1,"""C-2-1] MUST implement the latest available stable version of the extensions API or the stable version of sidecar API to be used by Window Manager Jetpack library. If device implementations include an Android-compatible display(s) that is foldable; or includes a folding hinge between multiple display panels and if the hinge or fold crosses a fullscreen application window; they: ""","""07010101.670201""","{'7.1.1.1', 'C-2-1', 'display(s)'}",,cts/tests/framework/base/windowmanager/src/android/server/wm/MultiDisplayTestBase.java,,,,
,7.1.1.1,C-3-1,,,,,7.1.1.1/C-3-1,"""C-3-1] MUST report the position; bounds and state of hinge or fold through extensions or sidecar APIs to the application. For details on correctly implementing the sidecar or extension APIs refer to the public documentation of Window Manager Jetpack. <h5 id=""","""07010101.670301""","{'C-3-1', '7.1.1.1'}",,,,,,
,7.1.4.2,C-1-10,,android.graphics.cts.VulkanDeqpLevelTest,,CtsGraphicsTestCases,7.1.4.2/C-1-10,"""C-1-10] MUST pass all Vulkan dEQP Tests in the test lists between version 132317953 and the version specified in the android.software.vulkan.deqp.level feature flag. ""","""07010402.670110""","{'7.1.4.2', 'EQP', 'C-1-10', 'android.software.vulkan.deqp.level'}",,cts/tests/tests/graphics/src/android/graphics/cts/VulkanDeqpLevelTest.java,,,,
,7.2.3,C-3-1,,android.telephony.cts.CellInfoTest,testAccessCursorVisible(),CtsTelephonyTestCases,7.2.3/C-3-1,"""C-3-1] MUST make the Menu function available to applications when targetSdkVersion is less than 10; either by a physical button; a software key; or gestures. This Menu function should be accessible unless hidden together with other navigation functions. If device implementations provide the Assist function; they: ""","""07020300.670301""","{'7.2.3', 'C-3-1'}",,cts/tests/tests/telephony/current/src/android/telephony/cts/CellInfoTest.java,,testAccessCursorVisible(),{'7.2.3'},
,7.2.4,C-3-2,,android.app.cts.SystemFeaturesTest,SparseLongArray(),CtsAppTestCases,7.2.4/C-3-2,"""C-3-2] MUST report only android.hardware.faketouch. ""","""07020400.670302""","{'C-3-2', '7.2.4', 'android.hardware.faketouch'}",,cts/tests/app/src/android/app/cts/SystemFeaturesTest.java,,testOpenSingleSessionWithParameters() testOpenAndCommitSessionForSingleApk() createSession() testOpenAndAbandonSessionForSingleApk() testCommitMultiTestApp() testCommitSingleTestApp() testNativeFilePathTestApp() SparseLongArray() testIterationOrder() testSparseArrayWithSpecifiedCapacity(),{'android.hardware.faketouch'},
,7.2.4,C-3-3,,android.location.cts.common.TestMeasurementUtil,testOpenSingleSessionWithParameters(),,7.2.4/C-3-3,"""C-3-3] MUST report TOUCHSCREEN_NOTOUCH for the Configuration.touchscreen API field. <h4 id=""","""07020400.670303""","{'TOUCHSCREEN_NOTOUCH', '7.2.4', 'Configuration.touchscreen', 'C-3-3'}",,cts/tests/location/common/src/android/location/cts/common/TestMeasurementUtil.java,,testOpenSingleSessionWithParameters() testOpenAndCommitSessionForSingleApk() createSession() testOpenAndAbandonSessionForSingleApk() testCommitMultiTestApp() testCommitSingleTestApp() testNativeFilePathTestApp() SparseLongArray() testIterationOrder() testSparseArrayWithSpecifiedCapacity(),"{'TOUCHSCREEN_NOTOUCH', 'Configuration.touchscreen'}",
,7.2.6.1,C-2-1,,android.hardware.input.cts.tests.MicrosoftDesignerKeyboardTest,RectShape(),CtsHardwareTestCases,7.2.6.1/C-2-1,"""C-2-1] MUST declare the feature flag android.hardware.gamepad Button HID Usage2 Android Button A1 0x09 0x0001 KEYCODE_BUTTON_A (96) B1 0x09 0x0002 KEYCODE_BUTTON_B (97) X1 0x09 0x0004 KEYCODE_BUTTON_X (99) Y1 0x09 0x0005 KEYCODE_BUTTON_Y (100) D-pad up1 D-pad down1 0x01 0x00393 AXIS_HAT_Y4 D-pad left1 D-pad right1 0x01 0x00393 AXIS_HAT_X4 Left shoulder button1 0x09 0x0007 KEYCODE_BUTTON_L1 (102) Right shoulder button1 0x09 0x0008 KEYCODE_BUTTON_R1 (103) Left stick click1 0x09 0x000E KEYCODE_BUTTON_THUMBL (106) Right stick click1 0x09 0x000F KEYCODE_BUTTON_THUMBR (107) Home1 0x0c 0x0223 KEYCODE_HOME (3) Back1 0x0c 0x0224 KEYCODE_BACK (4) 1 KeyEvent 2 The above HID usages must be declared within a Game pad CA (0x01 0x0005). 3 This usage must have a Logical Minimum of 0; a Logical Maximum of 7; a Physical Minimum of 0; a Physical Maximum of 315; Units in Degrees; and a Report Size of 4. The logical value is defined to be the clockwise rotation away from the vertical axis; for example; a logical value of 0 represents no rotation and the up button being pressed; while a logical value of 1 represents a rotation of 45 degrees and both the up and left keys being pressed. 4 MotionEvent Analog Controls1 HID Usage Android Button Left Trigger 0x02 0x00C5 AXIS_LTRIGGER Right Trigger 0x02 0x00C4 AXIS_RTRIGGER Left Joystick 0x01 0x0030 0x01 0x0031 AXIS_X AXIS_Y Right Joystick 0x01 0x0032 0x01 0x0035 AXIS_Z AXIS_RZ 1 MotionEvent <h4 id=""","""07020601.670201""","{'KEYCODE_BUTTON_X', 'KEYCODE_HOME', 'AXIS_RZ', 'android.hardware.gamepad', 'AXIS_HAT_X4', 'KEYCODE_BUTTON_Y', 'AXIS_Z', 'KEYCODE_BACK', 'AXIS_X', 'C-2-1', 'KEYCODE_BUTTON_R1', '7.2.6.1', 'HID', 'AXIS_HAT_Y4', 'KEYCODE_BUTTON_THUMBL', 'AXIS_LTRIGGER', 'AXIS_RTRIGGER', 'KEYCODE_BUTTON_B', 'KEYCODE_BUTTON_L1', 'KEYCODE_BUTTON_THUMBR', 'AXIS_Y', 'KEYCODE_BUTTON_A'}",,cts/tests/tests/hardware/src/android/hardware/input/cts/tests/MicrosoftDesignerKeyboardTest.java,,RectShape(),{'HID'},
,7.3,C-1-6,,android.hardware.cts.helpers.TestSensorEnvironment,,CtsSensorTestCases,7.3/C-1-6,"""C-1-6] MUST report the event time in nanoseconds as defined in the Android SDK documentation; representing the time the event happened and synchronized with the SystemClock.elapsedRealtimeNano() clock.  | C-1-6] MUST set a non-zero resolution for all sensors; and report the value via the Sensor.getResolution() API method. Some sensor types are composite; meaning they can be derived from data provided by one or more other sensors. (Examples include the orientation sensor and the linear acceleration sensor.) Device implementations: SHOULD implement these sensor types; when they include the prerequisite physical sensors as described in sensor types. If device implementations include a composite sensor; they: ""","""07030000.670106""","{'getResolution()', 'C-1-6', 'SystemClock.elapsedRealtimeNano', '7.3', 'elapsedRealtimeNano()', 'Sensor.getResolution'}",,cts/tests/sensor/src/android/hardware/cts/helpers/TestSensorEnvironment.java,,,,
,7.3,C-1-7,,,,,7.3/C-1-7,,"""07030000.670107""",,,,,,,
,7.3.6,C-2-1,,,,,7.3.6/C-2-1,"""C-2-1] MUST NOT define SENSOR_TYPE_AMBIENT_TEMPERATURE for the temperature sensor. <h4 id=""","""07030600.670201""","{'SENSOR_TYPE_AMBIENT_TEMPERATURE', '7.3.6', 'C-2-1'}",,,,,,
,7.3.10,C-4-1,,,,,7.3.10/C-4-1,"""C-4-1] MUST meet the requirements for Class 3 or Class 2 biometric as defined in this document. ""","""07031000.670401""","{'C-4-1', '7.3.10'}",,,,,,
,7.3.10,C-4-2,,com.android.cts.verifier.biometrics.AbstractBaseTest,,,7.3.10/C-4-2,"""C-4-2] MUST recognize and honor each parameter name defined as a constant in the Authenticators class and any combinations thereof. Conversely; MUST NOT honor or recognize integer constants passed to the canAuthenticate(int) and setAllowedAuthenticators(int) methods other than those documented as public constants in Authenticators and any combinations thereof. ""","""07031000.670402""","{'7.3.10', 'canAuthenticate(int)', 'C-4-2', 'setAllowedAuthenticators(int)'}",,cts/apps/CtsVerifier/src/com/android/cts/verifier/biometrics/AbstractBaseTest.java,,,,
,7.3.10,C-4-3,,,,,7.3.10/C-4-3,"""C-4-3] MUST implement the ACTION_BIOMETRIC_ENROLL action on devices that have either Class 3 or Class 2 biometrics. This action MUST only present the enrollment entry points for Class 3 or Class 2 biometrics. If device implementations support passive biometrics; they: ""","""07031000.670403""","{'7.3.10', 'C-4-3', 'ACTION_BIOMETRIC_ENROLL'}",,,,,,
,7.3.10,C-5-1,,,,,7.3.10/C-5-1,"""C-5-1] MUST by default require an additional confirmation step (e.g. a button press). ""","""07031000.670501""","{'7.3.10', 'C-5-1'}",,,,,,
,7.3.10,C-5-2,,,,,7.3.10/C-5-2,"""C-5-2] MUST additionally implement an implicit authentication flow (without confirmation step) corresponding to setConfirmationRequired(boolean); which applications can set to utilize for sign-in flows. If device implementations have multiple biometric sensors; they: ""","""07031000.670502""","{'setConfirmationRequired(boolean)', '7.3.10', 'C-5-2'}",,,,,,
,7.3.10,C-6-1,,,,,7.3.10/C-6-1,"""C-6-1] MUST meet the requirements for Class 3 as defined in this section below. ""","""07031000.670601""","{'C-6-1', '7.3.10'}",,,,,,
,7.3.10,C-6-2,,com.android.cts.verifier.biometrics.BiometricWeakTests,,,7.3.10/C-6-2,"""C-6-2] MUST present only Class 3 biometrics when the authentication requires BIOMETRIC_STRONG; or the authentication is invoked with a CryptoObject. If device implementations wish to treat a biometric sensor as Class 1 (formerly Convenience); they: ""","""07031000.670602""","{'7.3.10', 'C-6-2', 'BIOMETRIC_STRONG'}",,cts/apps/CtsVerifier/src/com/android/cts/verifier/biometrics/BiometricWeakTests.java,,,,
,7.3.10,C-3-4,,android.appsecurity.cts.ResumeOnRebootHostTest,,,7.3.10/C-3-4,"""C-3-4] MUST challenge the user for the recommended primary authentication (e.g. PIN; pattern; password) once every 72 hours or less. <h4 id=""","""07031000.670304""","{'7.3.10', 'C-3-4', 'PIN'}",,cts/hostsidetests/appsecurity/src/android/appsecurity/cts/ResumeOnRebootHostTest.java,,,,
,7.3.13,C-1-1,,com.android.cts.verifier.audio.ProAudioActivity,,,7.3.13/C-1-1,"""C-1-1] MUST implement and report TYPE_HINGLE_ANGLE. ""","""07031300.670101""","{'TYPE_HINGLE_ANGLE', '7.3.13', 'C-1-1'}",,cts/apps/CtsVerifier/src/com/android/cts/verifier/audio/ProAudioActivity.java,,,,
,7.3.13,C-1-2,,,,,7.3.13/C-1-2,"""C-1-2] MUST support at least two readings between 0 and 360 degrees (inclusive i.e including 0 and 360 degrees). ""","""07031300.670102""","{'7.3.13', 'C-1-2'}",,,,,,
,7.3.13,C-1-3,,com.android.cts.verifier.audio.ProAudioActivity,,,7.3.13/C-1-3,"""C-1-3] MUST return a wakeup sensor for getDefaultSensor(SENSOR_TYPE_HINGE_ANGLE). <h3 id=""","""07031300.670103""","{'SENSOR_TYPE_HINGE_ANGLE', '7.3.13', 'getDefaultSensor(SENSOR_TYPE_HINGE_ANGLE)', 'C-1-3'}",,cts/apps/CtsVerifier/src/com/android/cts/verifier/audio/ProAudioActivity.java,,,,
,7.4.5.2,C-4-1,,,,,7.4.5.2/C-4-1,"""C-4-1] MUST simultaneously meet the above requirements on each network when the device is simultaneously connected to more than one network type. <h5 id=""","""07040502.670401""","{'C-4-1', '7.4.5.2'}",,,,,,
,7.4.5.3,C-1-1,,com.android.cts.verifier.audio.ProAudioActivity,,,7.4.5.3/C-1-1,"""C-1-1] MUST provide a captive portal application to handle the intent ACTION_CAPTIVE_PORTAL_SIGN_IN and display the captive portal login page; by sending that intent; on call to the System API ConnectivityManager#startCaptivePortalApp(Network; Bundle). ""","""07040503.670101""","{'C-1-1', '7.4.5.3', 'ACTION_CAPTIVE_PORTAL_SIGN_IN'}",,cts/apps/CtsVerifier/src/com/android/cts/verifier/audio/ProAudioActivity.java,,,,
,7.4.5.3,C-1-2,,,,,7.4.5.3/C-1-2,"""C-1-2] MUST perform detection of captive portals and support login through the captive portal application when the device is connected to any network type; including cellular/mobile network; WiFi; Ethernet or Bluetooth. ""","""07040503.670102""","{'C-1-2', '7.4.5.3'}",,,,,,
,7.4.5.3,C-1-3,,com.android.cts.verifier.p2p.testcase.ServReqAllTestCase01,,,7.4.5.3/C-1-3,"""C-1-3] MUST support logging in to captive portals using cleartext DNS when the device is configured to use private DNS strict mode. ""","""07040503.670103""","{'C-1-3', '7.4.5.3', 'DNS'}",,cts/apps/CtsVerifier/src/com/android/cts/verifier/p2p/testcase/ServReqAllTestCase01.java,,,,
,7.4.5.3,C-1-4,,com.android.cts.verifier.p2p.testcase.ServReqAllTestCase01,,,7.4.5.3/C-1-4,"""C-1-4] MUST use encrypted DNS as per the SDK documentation for android.net.LinkProperties.getPrivateDnsServerName and android.net.LinkProperties.isPrivateDnsActive for all network traffic that is not explicitly communicating with the captive portal. ""","""07040503.670104""","{'C-1-4', 'android.net.LinkProperties.isPrivateDnsActive', 'android.net.LinkProperties.getPrivateDnsServerName', '7.4.5.3', 'DNS'}",,cts/apps/CtsVerifier/src/com/android/cts/verifier/p2p/testcase/ServReqAllTestCase01.java,,,,
,7.4.5.3,C-1-5,,android.location.cts.gnss.suplClient.SuplTcpClient,testGetChildrenCountGroupPositionTooHigh(),CtsLocationGnssTestCases,7.4.5.3/C-1-5,"""C-1-5] MUST ensure that; while the user is logging in to a captive portal; the default network used by applications (as returned by ConnectivityManager.getActiveNetwork; ConnectivityManager.registerDefaultNetworkCallback; and used by default by Java networking APIs such as java.net.Socket; and native APIs such as connect()) is any other available network that provides internet access; if available. <h4 id=""","""07040503.670105""","{'C-1-5', 'ConnectivityManager.getActiveNetwork', '7.4.5.3', 'ConnectivityManager.registerDefaultNetworkCallback', 'connect()', 'java.net.Socket'}",,cts/tests/location/location_gnss/src/android/location/cts/gnss/suplClient/SuplTcpClient.java,,testConstructorWithNullContext3() testConstructorWithNullContext2() testConstructorWithNullContext1() getResources() testConstructor() testDirectionFromXml() testDirectionInheritanceForAllLayoutsWithCode() testDirectionForAllLayoutsWithCode() testLayoutDirectionDefaults() testOnFinishInflate() testGetTexts() getResources() testConstructorWithNullContext3() getResources() testConstructorWithNullContext2() testConstructorWithNullContext1() getResources() testConstructor() testCheckMarkTintBlendMode() testCheckMarkTinting() isChecked() testAccessInstanceState() testSetCheckMarkByMixedTypes() testSetCheckMarkDrawableById() testSetCheckMarkDrawableByDrawable() testSetPadding() testDrawableStateChanged() isChecked() testToggle() testChecked() testConstructorWithNullContext3() testConstructorWithNullContext2() testConstructorWithNullContext1() testConstructor() testSetZOrderedOnTop() testSetSurfaceControlCallback() attachInlineContentView() testGetSurfaceControl() testConstructorNullContext() testConstructor() hasStableIds() testHasStableIds() testIsChildSelectable() testNewGroupView() testGetGroupViewGroupPositionTooHigh() testGetGroupViewGroupPositionTooLow() testGetGroupView() testGetGroupId() getGroupCount() testGetGroupCount() testGetGroupGroupPositionTooHigh() testGetGroupGroupPositionTooLow() testGetGroup() testGetChildrenCountGroupPositionTooHigh() testGetChildrenCountGroupPositionTooLow() testGetChildrenCount() testNewChildView() testGetChildViewChildPositionTooHigh() testGetChildViewChildPositionTooLow() testGetChildViewGroupPositionTooHigh() testGetChildViewGroupPositionTooLow() testGetChildView() testGetChildId() testGetChildChildPositionTooHigh() testGetChildChildPositionTooLow() testGetChildGroupPositionTooHigh() testGetChildGroupPositionTooLow() testGetChild() testConstructor() testConstructors() testGetChildDrawingOrder() testGenerateDefaultLayoutParams() testDispatchSetPressed() testComputeHorizontalScrollRange() testComputeHorizontalScrollOffset() testComputeHorizontalScrollExtent() testCheckLayoutParams() testSetGravity() testDispatchKeyEvent() testGenerateLayoutParams() testSetUnselectedAlpha() testSetSpacing() testConstructorNullContext3() testConstructorNullContext2() testConstructorNullContext1() testConstructor() testEnterKey() testAccessImeOptions() testAccessInputType() testAccessQueryHint() testAccessQuery() getResources() testAccessMaxWidth() testAllowIconifyingInconifiableView() testDenyIconifyingInconifiableView() testDenyIconifyingNonInconifiableView() testAccessIconifiedByDefault() testAccessIconified() testAttributesFromXml() testConstructor() testMeasureSpecs() testDrawNothing() getVisibility() testInvisibleDefault() testConstructor() getWindow() testBidiWidth() getWindow() testBaselineAlignment() testGetRule() testCheckLayoutParams() testGenerateLayoutParamsFromMarginParams() testGenerateDefaultLayoutParams() testGenerateLayoutParamsFromNull() testGenerateLayoutParams2() testGenerateLayoutParams1() testGetBaseline() testSetVerticalGravity() testSetHorizontalGravity(),{'java.net.Socket'},
,7.4.8,C-1-2,,android.carrierapi.cts.CarrierApiTest,testGetOpticalBoundsWithNoInternalDrawable(),CtsCarrierApiTestCases,7.4.8/C-1-2,"""C-1-2] MUST declare the correct feature flags via android.hardware.se.omapi.uicc for the device with UICC-based secure elements; android.hardware.se.omapi.ese for the device with eSE-based secure elements and android.hardware.se.omapi.sd for the device with SD-based secure elements. <h3 id=""","""07040800.670102""","{'C-1-2', 'android.hardware.se.omapi.sd', 'UICC', 'android.hardware.se.omapi.uicc', '7.4.8', 'android.hardware.se.omapi.ese'}",,cts/tests/tests/carrierapi/src/android/carrierapi/cts/CarrierApiTest.java,,testGetChangingConfigurations() testDraw() testClipDrawable() MockConstantState() testCanApplyTheme() getTargetContext() testNewDrawable() testGetOpticalBoundsFromInternalDrawable() DrawableContainer() testGetOpticalBoundsWithNoInternalDrawable() testStatefulnessChange() testOpacityChange() testMutate() testMutateNoConstantState() testAccessConstantState() testSelectDrawable() testSelectDrawableNoConstantState(),{'UICC'},
,7.5.4,C-0-12,,android.app.cts.SystemFeaturesTest,testOpenSingleSessionWithParameters(),CtsAppTestCases,7.5.4/C-0-12,"""C-0-12] MUST ensure that the facial appearance is NOT altered; including but not limited to altering facial geometry; facial skin tone; or facial skin smoothening for any android.hardware.camera2 or android.hardware.Camera API. ""","""07050400.670012""","{'android.hardware.camera', '7.5.4', 'C-0-12', 'android.hardware.Camera'}",,cts/tests/app/src/android/app/cts/SystemFeaturesTest.java,,testOpenSingleSessionWithParameters() testOpenAndCommitSessionForSingleApk() createSession() testOpenAndAbandonSessionForSingleApk() testCommitMultiTestApp() testCommitSingleTestApp() testNativeFilePathTestApp() SparseLongArray() testIterationOrder() testSparseArrayWithSpecifiedCapacity(),{'android.hardware.Camera'},
,9.1,C-2-1,,,,,9.1/C-2-1,"""C-2-1] MUST ensure that all activities with intent filters for the ACTION_MANAGE_OVERLAY_PERMISSION intent have the same UI screen; regardless of the initiating app or any information it provides. <h3 id=""","""09010000.670201""","{'9.1', 'ACTION_MANAGE_OVERLAY_PERMISSION', 'C-2-1'}",,,,,,
,9.5,C-1-2,,,,,9.5/C-1-2,"""C-1-2] MUST; for each user; implement a security model consistent with the Android platform security model as defined in Security and Permissions reference document in the APIs. ""","""09050000.670102""","{'C-1-2', '9.5'}",,,,,,
,9.8.9,C-0-1,,,,,9.8.9/C-0-1,"""C-0-1] MUST NOT expose to any app targeting API level 30 or above details about any other installed app; unless the app is already able to see details about the other installed app through the managed APIs. This includes but is not limited to details exposed by any custom APIs added by the device implementer; or accessible via the filesystem. <h4 id=""","""09080900.670001""","{'C-0-1', '9.8.9'}",,,,,,
,9.8.10,C-1-1,,com.android.cts.verifier.audio.ProAudioActivity,,,9.8.10/C-1-1,"""C-1-1] MUST obtain user consent every time the System API BUGREPORT_MODE_TELEPHONY is called to generate a report and MUST NOT prompt the user to consent to all future requests from the application. ""","""09081000.670101""","{'9.8.10', 'C-1-1', 'BUGREPORT_MODE_TELEPHONY'}",,cts/apps/CtsVerifier/src/com/android/cts/verifier/audio/ProAudioActivity.java,,,,
,9.8.10,C-1-2,,,,,9.8.10/C-1-2,"""C-1-2] MUST display and obtain explicit user consent when the reports are starting to be generated and MUST NOT return the generated report to the requesting app without explicit user consent. ""","""09081000.670102""","{'C-1-2', '9.8.10'}",,,,,,
,9.8.10,C-1-3,,com.android.cts.verifier.audio.ProAudioActivity,,,9.8.10/C-1-3,"""C-1-3] MUST generate requested reports containing at least the following information: TelephonyDebugService dump TelephonyRegistry dump WifiService dump ConnectivityService dump A dump of the calling package's CarrierService instance (if bound) Radio log buffer ""","""09081000.670103""","{'C-1-3', '9.8.10'}",,cts/apps/CtsVerifier/src/com/android/cts/verifier/audio/ProAudioActivity.java,,,,
,9.8.10,C-1-4,,android.app.cts.StatusBarNotificationTest,testOnLoadClass(),CtsAppTestCases,9.8.10/C-1-4,"""C-1-4] MUST NOT include the following in the generated reports: Any kind of information unrelated to connectivity debugging. Any kind of user-installed application traffic logs or detailed profiles of user-installed applications/packages (UIDs are okay; package names are not). MAY include additional information that is not associated with any user identity. (e.g. vendor logs). If device implementations include additional information (e.g vendor logs) in the bug report and that information has privacy/security/battery/storage/memory impact; they: ""","""09081000.670104""","{'C-1-4', 'UID', '9.8.10'}",,cts/tests/app/src/android/app/cts/StatusBarNotificationTest.java,,testOnLoadClass() testReapply() testApply() testSetProgressBar() testSetChronometerCountDown() testSetChronometer() getTestImagePath() testSetImageViewUri() testSetImageViewResource() testSetImageViewIcon() testSetIcon() testSetTextViewTextSize() testSetTextViewText() testSetViewVisibility() testSetContentDescription() getLayoutId() testGetLayoutId(),{'UID'},
,9.8.11,C-1-1,,com.android.cts.verifier.audio.ProAudioActivity,,,9.8.11/C-1-1,"""C-1-1] MUST NOT share data blobs belonging to apps beyond what they intended to allow (i.e. the scope of default access and the other access modes that can be specified using BlobStoreManager.session#allowPackageAccess(); BlobStoreManager.session#allowSameSignatureAccess(); or BlobStoreManager.session#allowPublicAccess() MUST NOT be modified). The AOSP reference implementation meets these requirements. ""","""09081100.670101""","{'C-1-1', 'allowPackageAccess()', 'allowSameSignatureAccess()', 'BlobStoreManager.session', 'allowPublicAccess()', '9.8.11'}",,cts/apps/CtsVerifier/src/com/android/cts/verifier/audio/ProAudioActivity.java,,,,
,9.8.11,C-1-2,,,,,9.8.11/C-1-2,"""C-1-2] MUST NOT send off device or share with other apps the secure hashes of data blobs (which are used to control access). <h3 id=""","""09081100.670102""","{'C-1-2', '9.8.11'}",,,,,,
,9.9.3,C-1-14,,,,,9.9.3/C-1-14,,"""09090300.670114""",,,,,,,
,9.9.4,C-0-1,,android.text.cts.EmojiConstants,testSetColorFilter(),CtsTextTestCases,9.9.4/C-0-1,"""C-0-1] CE storage MUST NOT be readable even for the attacker who physically has the device and then has these capabilities and limitations: Can use the signing key of any vendor or company to sign arbitrary messages. Can cause an OTA to be received by the device. Can modify the operation of any hardware (AP; flash etc) except as detailed below; but such modification involves a delay of at least an hour and a power cycle that destroys RAM contents. Cannot modify the operation of tamper-resistant hardware (eg Titan M). Cannot read the RAM of the live device. Cannot obtain the user’s credential (PIN; pattern; password) or otherwise cause it to be entered. By way of example; a device implementation that implements and complies with all of the descriptions found here will be compliant with | C-0-1]. <h3 id=""","""09090400.670001""","{'PIN', '9.9.4', 'OTA', 'RAM', 'C-0-1'}",,cts/tests/tests/text/src/android/text/cts/EmojiConstants.java,,testAccessConstantPadding() testAccessConstantSize() testAccessExitFadeDuration() testAccessEnterFadeDuration() getChildCount() testIsStateful() getChildCount() testAddChild() testAddChildNull() getTargetContext() testGetIntrinsicHeight() getTargetContext() testGetIntrinsicWidth() getTargetContext() testGetForegroundBackground() testMutate() testGetConstantState() testIsStateful() testGetOpacity() testSetColorFilter() testSetAlpha() testSetVisible() testDrawSetBounds() testDrawWithoutSetBounds() testGetAlpha() testGetChangingConfigurations() testUnscheduleDrawable() testScheduleDrawable() testInvalidateDrawable() testDrawNull() Canvas() testDraw() testInflateNull() testInflate() testConstructor() testPathDashPathEffect() testValues() testValueOf() values() testValues() testValueOf() getContext() testMediaImportAndRendering() testParceling() testDescribeContents() testOffset() testEquals(),{'RAM'},
,9.10,C-1-9,,,,,9.10/C-1-9,"""C-1-9] MUST prompt the user; while using the device; and require physical confirmation before allowing a transition from bootloader locked mode to bootloader unlocked mode. ""","""09100000.670109""","{'C-1-9', '9.10'}",,,,,,
,9.10,C-1-10,,,,,9.10/C-1-10,"""C-1-10] MUST implement rollback protection for partitions used by Android (e.g. boot; system partitions) and use tamper-evident storage for storing the metadata used for determining the minimum allowable OS version. ""","""09100000.670110""","{'9.10', 'C-1-10'}",,,,,,
,9.10,C-0-3,,,,,9.10/C-0-3,"""C-0-3] MUST support cryptographically verifying file content against a trusted key without reading the whole file. ""","""09100000.670003""","{'C-0-3', '9.10'}",,,,,,
,9.10,C-0-4,,,,,9.10/C-0-4,"""C-0-4] MUST NOT allow the read requests on a protected file to succeed when the read content do not verify against a trusted key. ""","""09100000.670004""","{'C-0-4', '9.10'}",,,,,,
,9.10,C-0-5,,,,,9.10/C-0-5,"""C-0-5] MUST enable the above-described cryptographic file verification protection for all files for the package that is installed with trusted signature files as described here. If device implementations are already launched without the ability to verify file content against a trusted key on an earlier Android version and can not add support for this feature with a system software update; they MAY be exempted from the requirement. The upstream Android Open Source project provides a preferred implementation of this feature based on the Linux kernel fs-verity feature. Device implementations: ""","""09100000.670005""","{'C-0-5', '9.10'}",,,,,,
,9.11.3,C-0-1,,android.app.stubs.TestTileService,testGetIntrinsicWidth(),,9.11.3/C-0-1,"""C-0-1] MUST return non-null for the IdentityCredentialStore#getInstance() method. ""","""09110300.670001""","{'getInstance()', 'C-0-1', 'IdentityCredentialStore(', 'IdentityCredentialStore', '9.11.3'}",,cts/tests/app/app/src/android/app/stubs/TestTileService.java,,testGetIntrinsicWidth(),{'getInstance()'},
,9.11.3,C-0-2,,android.telephony.ims.cts.SipDelegateManagerTest,testConstructor(),CtsTelephonyTestCases,9.11.3/C-0-2,"""C-0-2] MUST implement the Identity Credential System (e.g. the android.security.identity.* APIs) with code communicating with a trusted application in an area that is securely isolated from the code running on the kernel and above. Secure isolation MUST block all potential mechanisms by which kernel or userspace code might access the internal state of the isolated environment; including DMA. ""","""09110300.670002""","{'android.security.identity', '9.11.3', 'DMA', 'C-0-2'}",,cts/tests/tests/telephony/current/src/android/telephony/ims/cts/SipDelegateManagerTest.java,,testConstructor() testOnMeasure() testOnLayout() testGenerateLayoutParamsFromLayoutParamsNull() testGenerateLayoutParamsFromLayoutParams() testGenerateDefaultLayoutParams() testCheckLayoutParams() testGenerateLayoutParamsFromAttributeSet() testGetVirtualChildCount() testGetVirtualChildAt() testSetOnHierarchyChangeListener() testConstructor() getChildCount() testOnInitializeAccessibilityNodeInfo_populatesColInfoWithInvalidCount() testOnInitializeAccessibilityNodeInfo_populatesCollectionItemInfo() obtain() testOnInitializeAccessibilityNodeInfo_populatesCollectionInfo() testAddView() testOnFinishInflate() testGenerateDefaultLayoutParams() testCheckLayoutParams(),{'DMA'},
,9.11.3,C-0-3,,android.security.identity.cts.Util,,CtsIdentityTestCases,9.11.3/C-0-3,"""C-0-3] The cryptographic operations needed to implement the Identity Credential System (e.g. the android.security.identity.* APIs) MUST be performed entirely in the trusted application and private key material MUST never leave the isolated execution environment unless specifically required by higher-level APIs (e.g. the createEphemeralKeyPair() method). ""","""09110300.670003""","{'createEphemeralKeyPair()', 'C-0-3', '9.11.3', 'android.security.identity'}",,cts/tests/tests/identity/src/android/security/identity/cts/Util.java,,,,
,9.11.3,C-0-4,,android.location.cts.gnss.asn1.supl2.supl_init.MAC,testDirectByteBuffer(),CtsLocationGnssTestCases,9.11.3/C-0-4,"""C-0-4] The trusted application MUST be implemented in a way such that its security properties are not affected (e.g. credential data is not released unless access control conditions are satisfied; MACs can't be produced for arbitrary data) even if Android is misbehaving or compromised. <h3 id=""","""09110300.670004""","{'C-0-4', 'MAC', '9.11.3'}",,cts/tests/location/location_gnss/src/android/location/cts/gnss/asn1/supl2/supl_init/MAC.java,,testBitmapIcon() setupActivity() testDirectByteBuffer() setupActivity() testReadOnlyByteBuffer(),{'MAC'},
,9.16,C-1-1,,com.android.cts.verifier.audio.ProAudioActivity,,,9.16/C-1-1,"""C-1-1] MUST NOT initiate transfers of application data from devices on which the user has not set a primary authentication as described in 9.11.1 Secure Lock Screen and Authentication. ""","""09160000.670101""","{'9.16', 'C-1-1'}",,cts/apps/CtsVerifier/src/com/android/cts/verifier/audio/ProAudioActivity.java,,,,
,9.16,C-1-2,,,,,9.16/C-1-2,"""C-1-2] MUST securely confirm the primary authentication on the source device and confirm with the user intent to copy the data on the source device before any data is transferred. ""","""09160000.670102""","{'9.16', 'C-1-2'}",,,,,,
,9.16,C-1-3,,com.android.cts.verifier.audio.ProAudioActivity,,,9.16/C-1-3,"""C-1-3] MUST use security key attestation to ensure that both the source device and the target device in the device-to-device migration are legitimate Android devices and have a locked bootloader. ""","""09160000.670103""","{'9.16', 'C-1-3'}",,cts/apps/CtsVerifier/src/com/android/cts/verifier/audio/ProAudioActivity.java,,,,
,9.16,C-1-4,,android.app.cts.ActivityManagerProcessStateTest,testFilter1(),CtsAppTestCases,9.16/C-1-4,"""C-1-4] MUST only migrate application data to the same application on the target device; with the same package name AND signing certificate. ""","""09160000.670104""","{'9.16', 'AND', 'C-1-4'}",,cts/tests/app/src/android/app/cts/ActivityManagerProcessStateTest.java,,testFilter2() testFilter1(),{'AND'},
,9.16,C-1-5,,,,,9.16/C-1-5,"""C-1-5] MUST show an indication that the source device has had data migrated by a device-to-device data migration in the settings menu. A user SHOULD NOT be able to remove this indication. <h2 id=""","""09160000.670105""","{'9.16', 'C-1-5'}",,,,,,
